Zaa, Charlie - Por Tu Amor - Ethnic - Spanish (more under individual artists)
Zabadak - Dave Dee, Dozy, Beaky, Mick & Tich
Zacchaeus - Children's/Sunday School Songs
Zat You Santa Claus - Armstrong, Louis
Zephyr Song, The - Red Hot Chili Peppers
Zero - Smashing Pumpkins
Zero - Yeah Yeah Yeahs
zGrease 2 - Cool Rider [Michelle Pfeiffer] - Show Tunes - Movies - Grease
zGrease 2 - Prowlin' [Adrian Zmed] - Show Tunes - Movies - Grease
Ziggy Stardust - Bowie, David
Zing Went the Strings of My Heart - Trammps, The
Zing Went the Strings of My Heart - Garland, Judy
Zip Gun Bop - Royal Crown Revue
Zip-Lock - Lit
Zoe Jane - Staind
Zombie - Cranberries, The
Zoo, The - Scorpions, The
Zoom - Fat Larry's Band
Zoot Suit - High Numbers, The
Zoot Suit Riot - Cherry Poppin' Daddies
Zorba the Greek - Ethnic - Greek
