R U Crazy - Maynard, Conor
R U Mine - Arctic Monkeys
R.I.P - Ora, Rita
Rabbit Heart (Raise It Up) - Florence and the Machine
Race Is On, The - Jones, George
Race Is On, The - Sawyer Brown
Race, The - Yello
Radar - Spears, Britney
Radar Love - Golden Earring
Radio - Musiq Soulchild
Radio - Williams, Robbie
Radio - Corrs, The
Radio Free Europe - REM
Radio Ga-Ga - Queen
Radio Heart - McClain, Charly
Radio Radio - Costello, Elvis
Radio Song - REM
Radio Waves - Eli Young Band
Radioactive - Firm, The
Radioactive - Imagine Dragons
Radioactive - Ora, Rita
Rag Doll - Four Seasons, The
Rag Doll - Aerosmith
Rage [Laurence Jalbert] - Ethnic - French
Rags to Riches - Manilow, Barry
Rags to Riches - Presley, Elvis
Rags to Riches - Bennett, Tony
Rain - Grover, Dana
Rain - Breaking Benjamin
Rain - Madonna
Rain - McIntyre, Joey
Rain - Beatles, The
Rain - SWV [Sisters with Voices]
Rain - Creed
Rain - Status Quo
Rain & Snow - McCoury, Del
Rain Down Love [w/Freemasons] - Garrett, Siedah
Rain Down Love [w/Siedah Garrett] - Freemasons
Rain in Spain, The - Show Tunes - Movies - My Fair Lady
Rain Is a Good Thing - Bryan, Luke
Rain King - Counting Crows
Rain on Me - Ashanti
Rain on the Scarecrow - Mellencamp, John Cougar
Rain on Your Parade - Duffy
Rain Over Me [w/Marc Anthony] - Pitbull
Rain Over Me [w/Pitbull] - Anthony, Marc
Rain Rain Rain - Laine, Frankie
Rain Through the Roof - Montana, Billy
Rain, Rain Go Away - Children's/Nursery Rhymes
Rain, The - Jones, Oran 'Juice'
Rain, the Park & Other Things, The - Cowsills, The
Rainbow in the Dark - Dio
Rainbow in the Rain - Black, Clint
Rainbow Man - Bates, Jeff
Rainbow Stew - Haggard, Merle
Rainbow Valley - Love Affair
Rainbows Cadillac - Hornsby, Bruce
Raincloud - Lighthouse Family, The
Raindrops - Clark, Dee
Raindrops (Encore Une Fois) [w/Stunt] - Sash
Raindrops Keep Fallin' on My Head - Thomas, BJ
Raindrops Keep Fallin' on My Head - Distel, Sacha
Raindrops Keep Fallin' on My Head [w/Dionne Warwick] - Kelis
Raindrops Keep Fallin' on My Head [w/Kelis] - Warwick, Dionne
Raindrops Will Fall - Gray, Tamyra
Rainin' in My Heart - Williams, Hank Jr.
Raining in My Heart - Holly, Buddy
Raining on Me - Wilson, Gretchen
Raining on Our Love - Twain, Shania
Raining on Sunday - Urban, Keith
Rainy Day People - Lightfoot, Gordon
Rainy Day Woman - Jennings, Waylon
Rainy Day Women #12 & 35 - Dylan, Bob
Rainy Days and Mondays - Carpenters, The
Rainy Dayz [w/Ja Rule] - Blige, Mary J
Rainy Dayz [w/Mary J Blige] - Ja Rule
Rainy Night in Georgia - Crawford, Randy
Rainy Night in Georgia [w/Conway Twitty] - Moore, Sam
Rainy Night in Georgia [w/Sam Moore] - Twitty, Conway
Rainy Night in Georgia, A - Benton, Brook
Rainy Night in Soho, A - Pogues, The
Rainy Night in Soho, A [Pogues] - Ethnic - Irish
Raise the Barn [Keith Urban & Ronnie Dunn] - Brooks & Dunn
Raise the Barn [w/Ronnie Dunn] - Urban, Keith
Raise Up - Saliva
Raise Up - Petey Pablo
Raise Your Hands - Bon Jovi
Raised on Rock - Presley, Elvis
Rake and Ramblin' Man - Williams, Don
Rama Lama Ding Dong - Edsels, The
Ramble On - Led Zeppelin
Ramblin' Fever - Haggard, Merle
Ramblin' Gamblin' Man - Seger, Bob
Ramblin' Man - Allman Brothers Band, The
Ramblin' Man - Williams, Hank
Ramblin' Rose - Cole, Nat 'King'
Ramon Ayala y Sus Bravos del Norte - Quemame los Ojos - Ethnic - Spanish (more under individual artists)
Ramona - Night Beds
Random - Put Your Hands Up - Show Tunes - TV - Australian X Factor
Random Act of Senseless Kindness, A - South Sixty Five
Randy Scouse Git - Monkees, The
Raoul - Automatic, The
Raped and Freezing - Cooper, Alice
Rapid Hope Loss - Dashboard Confessional
Rapper's Delight - Sugarhill Gang, The
Rapper's Delight [SugarHill Gang] - Show Tunes - Movies - Wedding Singer
Rapture - IIO
Rapture - Blondie
Rapture - Hurt
Rapture (Avicii Remix) - Ali, Nadia
Rapture (Tastes So Sweet) - IIO
Rascal King, The - Mighty Mighty Bosstones
Raspberry Beret - Prince
Rasputin - Boney M
Rat in Mi Kitchen - UB40
Rat Trap - Boomtown Rats
Rat-tat-tat-tat - Show Tunes - Broadway - Funny Girl
Rated X - Lynn, Loretta
Rattlin' Bones - Chambers, Kasey
Rave On - Holly, Buddy
Ravishing Ruby - Hall, Tom T.
Rawhide - Blues Brothers, The
Rawhide - Show Tunes - TV
Rawhide - Laine, Frankie
Ray Charles - Chiddy Bang
Ray of Light - Madonna
Raymond - Eldridge, Brett
Razzle Dazzle - Show Tunes - Broadway - Chicago
Re-Align - Godsmack
Re-Arranged - Limp Bizkit
Re-Offender - Travis
Re-Wind (When the Crowd Say Bo-Selecta) - Artful Dodger
Reach - Estefan, Gloria
Reach - S Club (7)
Reach for the Sky - Bassey, Shirley
Reach for the Sky - Social Distortion
Reach Out (I'll Be There) - Four Tops, The
Reach Out and Touch - Ross, Diana
Reach Out of the Darkness - Friend and Lover
Reach Out, I'll Be There - Bolton, Michael
Read 'em and Weep - Manilow, Barry
Read 'em and Weep - Meat Loaf
Read All About It (Part III) - Sand
Read All About It [ft. Emeli Sande] - Professor Green
Read All About It [w/Professor Green] - Sand
Read My Lips - Osmond, Marie
Read My Mind - McEntire, Reba
Read My Mind - Killers, The
Read My Mind - Reeves, Connor
Read Your Mind - Avant
Ready - Stevens, Cat
Ready for Love - Arie, India.
Ready for Love - Bad Company
Ready for the Floor - Hot Chip
Ready for the Weekend - Harris, Calvin
Ready or Not - After 7
Ready or Not - Lightning Seeds, The
Ready or Not - Mendler, Bridgit
Ready or Not - Fugees, The
Ready Teddy - Little Richard
Ready Teddy - Presley, Elvis
Ready to Fall - Rise Against
Ready to Fall - Edwards, Meredith
Ready to Fall - Fatone, Joey
Ready to Fall [Joey Fatone solo] - N Sync
Ready to Fly - Marx, Richard
Ready to Fly - Pearson, Amy
Ready to Go - Republica
Ready to Go (Get Me Out of My Mind) - Panic! at the Disco
Ready to Go Home - Williams, Hank
Ready to Run - Dixie Chicks
Ready to Start - Arcade Fire
Ready to Take a Chance Again - Manilow, Barry
Ready, Set, Don't Go - Cyrus, Billy Ray
Real - Goo Goo Dolls
Real as It Gets [w/Jay-Z] - Young Jeezy
Real as It Gets [w/Young Jeezy] - Jay-Z
Real Bad Mood - Marie Sisters
Real Deal - Gattis, Keith
Real Fine Place to Start, A - Evans, Sara
Real Girl - Mutya Buena
Real Girl - Buena, Mutya
Real Gone - Crow, Sheryl
Real Gone Kid - Deacon Blue
Real Good Man - McGraw, Tim
Real Goodtime, A - Alda
Real Life - Bon Jovi
Real Life (I Never Was the Same Again) - Carson, Jeff
Real Live Woman - Yearwood, Trisha
Real Love - Doobie Brothers, The
Real Love - Watley, Jody
Real Love - Lightman, Toby
Real Love - Ben
Real Love - Blige, Mary J
Real Love, The - Seger, Bob
Real Love, The - Beatles, The
Real Love, The - Parton, Dolly
Real Man - Dean, Billy
Real Me, The - Who, The
Real Roxanne, The [w/Roxanne] - UTFO
Real Roxanne, The [w/UTFO] - Roxanne
Real Slim Shady, The - Eminem
Real Thing, The - Strait, George
Real Thing, The - Stansfield, Lisa
Real Thing, The - Loggins, Kenny
Real Thing, The - Stefani, Gwen
Real Thing, The - Bice, Bo
Real Things - Javine
Real to Me - McFadden, Brian
Real Wild Child - Pop, Iggy
Real World - Matchbox Twenty
Real World - Queensryche
Real World - D-Side
Real World, The - Owl City
Real, Real, Real - Jesus Jones
Reality - Chesney, Kenny
Realize - Caillat, Colbie
Realize - Callait, Colbie
Reason to Be Cheerful Part 3 - Dury, Ian & the Blockheads
Reason to Believe - Stewart, Rod
Reason Why, The - Gill, Vince
Reason, The - Dion, Celine
Reason, The - Hoobastank
Reasons - Earth, Wind & Fire
Reasons to Quit [w/Merle Haggard] - Nelson, Willie
Reasons to Quit [w/Willie Nelson] - Haggard, Merle
Reasons Why - Nickel Creek
Rebel Rebel - Bowie, David
Rebel Yell - Idol, Billy
Rebels of the Sacred Heart - Flogging Molly
Rebirth of Slick (Cool Like Dat) - Digable Planets, The
Reborn - St. James, Rebecca
Rebound - Dean, Bobby
Recipe for Love - Connick, Harry Jr.
Reckless - Alabama
Reconsider Baby - Presley, Elvis
Recover - Automatic, The
Recover Your Soul - John, Elton
Rectifier - Ra
Red - Merriweather, Daniel
Red & Rio Grande - Supernaw, Doug
Red Alert - Basement Jaxx
Red Barchetta - Rush
Red Blooded Woman - Minogue, Kylie
Red Dirt - Smith, Granger
Red Dirt Road - Brooks & Dunn
Red Dress - Sugababes
Red Dwarf - Russell, Jenna
Red High Heels - Pickler, Kellie
Red House - Hendrix, Jimi
Red House [Jimi Hendrix] - Blues
Red Light - Nail, David
Red Light Indicates Doors Are Secure - Arctic Monkeys
Red Light Special - TLC
Red Light Spells Danger - Ocean, Billy
Red Neck Roses - Byrd, Tracy
Red Neckin' Love Makin' Night - Twitty, Conway
Red Ragtop - McGraw, Tim
Red Rain - Gabriel, Peter
Red Red Robin - Standards
Red Red Wine - UB40
Red Red Wine - Diamond, Neil
Red Red Wine (extended mix) - UB40
Red River Valley - Standards
Red Roses for a Blue Lady - Williams, Andy
Red Roses for a Blue Lady - Newton, Wayne
Red Rubber Ball - Cyrkle
Red Sails in the Sunset - Platters, The
Red Shoes - Costello, Elvis
Red Skies - Fixx, The
Red Sky - Thrice
Red Solo Cup - Keith, Toby
Red Strokes, The - Brooks, Garth
Red Umbrella - Hill, Faith
Red White & Pink-Slip Blues - Williams, Hank Jr.
Red, Red Wine and Cheatin' Songs - Stuart, Marty
Red, The - Chevelle
Red, White and Beautiful - Caperton, Kaley
Red, White and Blue - Lynyrd Skynyrd
Red, White and Blue Collar - Gibson Miller Band, The
Red, White, and Blue - Lynn, Loretta
Red, White, and Blue [Loretta Lynn] - Patriotic
Red, White, and Blue [Lynyrd Skynyrd] - Patriotic
Redeemer - Mullen, Nicole C.
Redeemer [Nicole C. Mullen] - Gospel/Christian
Redemption - 3rd Strike
Redemption Song - Marley, Bob & the Wailers
Redneck 12 Days of Christmas - Foxworthy, Jeff
Redneck 12 Days of Christmas [Jeff Foxworthy] - Christmas - Comedy
Redneck Girl - Bellamy Brothers, The
Redneck Love - Bellamy Brothers, The
Redneck Son - England, Ty
Redneck Woman - Wilson, Gretchen
Redneck Yacht Club - Morgan, Craig
Rednecks White Socks & Blue Ribbon Beer - Russell, Johnny
Reelin' & Rockin' - Berry, Chuck
Reelin' in the Years - Steely Dan
Reet Petite - Wilson, Jackie
Reflection [from Mulan] - Aguilera, Christina
Reflections - Supremes, The
Reflections - Vandross, Luther
Reflections of a Sound - Silverchair
Reflections of My Life - Marmalade
Reflections [The Supremes] - Ross, Diana
Reflex, The - Duran Duran
Refried Dreams - McGraw, Tim
Refugee - Petty, Tom
Regards to Broadway - Manilow, Barry
Regret - New Order
Regulate [w/Nate Dogg] - Warren G
Regulate [w/Warren G] - Nate Dogg
Rehab - Winehouse, Amy
Rehab - Rihanna
Related to a Psychopath - Gray, Macy
Relax - Presley, Elvis
Relax (Don't Do It) - Frankie Goes to Hollywood
Relax, Take It Easy - Mika
Release Me - Agnes
Release Me - Jack's Mannequin
Release Me - Wilson Phillips
Release Me - Presley, Elvis
Release Me (And Let Me Love Again) - Humperdinck, Engelbert
Relentless - Aldean, Jason
Relight My Fire - Hartman, Dan
Relight My Fire - Take That
Religious - Kelly, R.
Reload [w/Chip & Ms.D] - Wiley
Reload [w/Sebastian Ingrosso & Tommy Trash] - Martin, John
Reload [w/Tommy Trash & John Martin] - Ingrosso, Sebastian
Reload [w/Wiley & Ms.D] - Chip
Remedy - Seether
Remedy - Black Crowes, The
Remedy - Little Boots
Remedy (I Won't Worry), The - Mraz, Jason
Remedy [w/Ruth Anne] - Professor Green
Remedy, The - Abandoned Pools
Remember - Groban, Josh
Remember - Disturbed
Remember (Walking in the Sand) - Shangri-Las, The
Remember Me - Hoobastank
Remember Me - Journey
Remember Me This Way - Hill, Jordan
Remember That - Simpson, Jessica
Remember the Ride - Perfect Stranger
Remember the Time - Jackson, Michael
Remember Then - Earls, The
Remember When - Color Me Badd
Remember When - Vega, Ray
Remember When - Jackson, Alan
Remember When - Newton, Wayne
Remember When It Rained - Groban, Josh
Remember You're a Womble - Wombles, The
Remember You're Mine - Boone, Pat
Remind Me [w/Brad Paisley] - Underwood, Carrie
Remind Me [w/Carrie Underwood] - Paisley, Brad
Reminisce - Blazin' Squad
Reminiscing - Little River Band, The
Rendezvous - David, Craig
Rene & Renny - Deshojo la Margarita - Ethnic - Spanish (more under individual artists)
Renegade - Styx
Renegade Masters '98 - Wildchild
Renegades of Funk - Rage Against the Machine
Renegades, Rebels and Rogues - Lawrence, Tracy
Reno - Supernaw, Doug
Rent - Show Tunes - Broadway - Rent
Rent - Seasons of Love (movie version) - Show Tunes - Movies
Repetitive Regret - Rabbitt, Eddie
Replay - Iyaz
Reptilia - Strokes, The
Request Line [w/Black Eyed Peas] - Gray, Macy
Request Line [w/Macy Gray] - Black Eyed Peas
Requiem for a Dying Song - Flogging Molly
Rescue - Uncle Kracker
Rescue - Newsboys
Rescue Me - Y & T
Rescue Me - Madonna
Rescue Me - Bass, Fontella
Reservoir Dogs - Coconut [Harry Nilsson] - Nilsson, Harry
Resolve - Foo Fighters
Respect - Sledge, Percy
Respect - Blues Brothers, The
Respect - Redding, Otis
Respect - Franklin, Aretha
Respect - Train
Respect Yourself - Staple Singers, The
Respectable - Mel & Kim
Rest in Peace - Marsters, James
Rest in Pieces - Saliva
Rest of Mine, The - Adkins, Trace
Rest of My Life - Unwritten Law
Rest Your Love on Me - Twitty, Conway
Restless - Krauss, Alison
Resumiendo - Montaner, Ricardo
Resurrection Shuffle - Ashton, Gardner & Dyke
Return of the Mack - Morrison, Mark
Return to Innocence - Enigma
Return to Me - Robbins, Marty
Return to Me - Martin, Dean
Return to Sender - Presley, Elvis
Reuben James - Rogers, Kenny
Reunited - Peaches & Herb
Revelry - Kings of Leon
Revenge of a Middle-Aged Woman - Byrd, Tracy
Revolution - Rascal Flatts
Revolution - Veronicas, The
Revolution - Jars of Clay
Revolution - Judas Priest
Revolution - Stone Temple Pilots
Revolution - Beatles, The
Revon the Red Line - Foreigner
Rewind - Precious
Rewind - Nutini, Paolo
Rewind [ft. Diane Birch] - Devlin
Rexall - Navarro, Dave
Rexall [Dave Navarro solo] - Jane's Addiction
Rhiannon - Fleetwood Mac
Rhinestone Cowboy - Campbell, Glen
Rhythm Bandits - Junior Senior
Rhythm Divine - Iglesias, Enrique
Rhythm Is a Dancer - Snap
Rhythm Is Gonna Get You - Estefan, Gloria
Rhythm of My Heart - Stewart, Rod
Rhythm of the Night - Corona
Rhythm of the Night - DeBarge
Rhythm of the Night [DeBarge cover] - Valeria
Rhythm of the Night [Moulin Rouge cover version] - DeBarge
Rhythm of the Night [Valeria] - Show Tunes - Movies - Moulin Rouge
Rhythm of the Rain - Cascades, The
Ribbon in the Sky - Wonder, Stevie
Ribbon of Darkness - Smith, Connie
Ribbon of Darkness - Robbins, Marty
Ribbons, Rosie - Blink - Show Tunes - TV - UK Pop Idol
Ribbons, Rosie - Cheek to Cheek - Show Tunes - TV - UK Pop Idol
Ribbons, Rosie - Little Bit - Show Tunes - TV - UK Pop Idol
Ribbons, Rosie - Winner Takes It All - Show Tunes - TV - UK Pop Idol
Rich Girl - Hall & Oates
Rich Girl [Gwen Stefani & Eve] - No Doubt
Rich Girl [w/Eve] - Stefani, Gwen
Rich Girl [w/Gwen Stefani] - Eve
Richest Man on Earth - Overstreet, Paul
Ricky - Yankovic,  Weird Al 
Rico Suave - Gerardo
Riddle - En Vogue
Riddle, The - Kershaw, Nick
Riddle, The - Five for Fighting
Ride - McBride, Martina
Ride - Vines, The
Ride a White Horse - Goldfrapp
Ride a White Swan - T. Rex
Ride Captain Ride - Blues Image, The
Ride for You - Danity Kane
Ride It - Sean, Jay
Ride It - Halliwell, Geri
Ride Like the Wind - Cross, Christopher
Ride My See-Saw - Moody Blues, The
Ride On - AC/DC
Ride on Time - Black Box
Ride the Wild West - Wood, David
Ride wit Me [w/City Spud] - Nelly
Ride [w/Ace Hood] - Songz, Trey
Ride [w/Trey Songz] - Ace Hood
Ride, The - Coe, David Allan
Riders in the Sky - Blues Brothers, The
Riders on the Storm - Doors, The
Riders on the Storm - Creed
Ridin' - M_a
Ridin' - Buckcherry
Ridin' My Thumb to Mexico - Rodriguez, Johnny
Ridin' Out the Heartache - Tucker, Tanya
Ridin' Solo - Derulo, Jason
Ridin' the Storm Out - REO Speedwagon
Ridin' with the Legend - Bryant, Keith
Ridin' [ft. Krayzie Bone] - Chamillionaire
Riding for a Fall - Ledoux, Chris
Riding Out the Storm - Crowell, Rodney
Riding with Private Malone - Ball, David
Riding with the King [B.B. King & Eric Clapton] - Blues
Riding with the King [w/B.B. King] - Clapton, Eric
Riding with the King [w/Eric Clapton] - King, B.B.
Rie y Llora - Cruz, Celia
Right as Rain - Adele
Right Back Where We Started From - Nightingale, Maxine
Right Before Your Eyes - Hoobastank
Right By My Side  - Minaj, Nicki
Right By My Side [ft. Chris Brown] - Minaj, Nicki
Right By My Side [w/Nicki Minaj] - Brown, Chris
Right By Your Side - Eurythmics, The
Right Down the Line - Raitt, Bonnie
Right Down the Line - Rafferty, Gerry
Right Down Through the Middle of Us - Coty, Neal
Right from the Start - Conley, Earl Thomas
Right Hand Man - Osborne, Joan
Right Here - SWV [Sisters with Voices]
Right Here - Staind
Right Here Waiting - Marx, Richard
Right Here Waiting [w/112] - Monica
Right Here Waiting [w/Monica] - 112
Right Here [w/Foxes] - Rudimental
Right Here [w/Rudimental] - Rudimental
Right Here, Right Now - Jesus Jones
Right in Time - Williams, Lucinda
Right Kind of Wrong, The - Rimes, LeAnn
Right Left Hand, The - Jones, George
Right Man for the Job - Robison, Charlie
Right Now - Carpenter, Mary Chapin
Right Now - Van Halen
Right Now - Sure, Al B.
Right Now - SR-71
Right Now (as Chris Gaines) - Brooks, Garth
Right Now (Na Na Na) - Akon
Right Now [w/David Guetta] - Rihanna
Right Now [w/Rihanna] - Guetta, David
Right on the Money - Jackson, Alan
Right or Wrong - Strait, George
Right or Wrong - Jackson, Wanda
Right Place Wrong Time - Dr. John
Right Place, Right Time - Murs, Olly
Right Place, The - Derailers, The
Right Right Now Now - Beastie Boys, The
Right Round [w/Flo Rida] - Kesha
Right Round [w/Kesha] - Flo Rida
Right Said Fred - Cribbens, Bernard
Right Stuff, The (You Got It) - New Kids on the Block
Right Thing to Do, The - Simon, Carly
Right Thing, The - Simply Red
Right Through You - Morissette, Alanis
Right Thurr - Chingy
Right Time of the Night - Warnes, Jennifer
Right Time, The - Corrs, The
Right to Be Wrong - Stone, Joss
Right Way - Andre, Peter
Right Where I Need to Be - Allan, Gary
Right Where You Want Me - McCartney, Jesse
Righteous Love - Osborne, Joan
Righteously - Williams, Lucinda
Rikarena - Cuando el Amor Se Dana - Ethnic - Spanish (more under individual artists)
Rikki Don't Lose That Number - Steely Dan
Ring a Ding Ding - Sinatra, Frank
Ring Around a Rosy - Children's/Activity Songs
Ring My Bell - Ward, Anita
Ring of Fire - Cash, Johnny
Ring of Fire [w/Alan Jackson] - Womack, Lee Ann
Ring of Fire [w/Lee Ann Womack] - Jackson, Alan
Ring on Her Finger - Greenwood, Lee
Ring on Her Finger - McEntire, Reba
Ring Ring - Dollar
Ring Ring - ABBA
Ring the Alarm - Beyonc
Ring Them Bells - Minelli, Liza
Ringo - Greene, Lorne
Rio - Duran Duran
Riot in Cell Block Number 9 - Blues Brothers, The
Riot Van - Arctic Monkeys
Rip Her to Shreds - Blondie
Rip It Up - Little Richard
Rip It Up - Orange Juice
Rip It Up - Presley, Elvis
Rip It Up - Razorlight
Rip Off the Knob - Bellamy Brothers, The
Rip This Joint - Rolling Stones, The
RIP [ft. Tinie Tempah] - Ora, Rita
RIP [w/Rita Ora] - Tinie Tempah
Ripple - Grateful Dead, The
Rise - Cult, The
Rise - Flobots
Rise - Robbie Seay Band
Rise - Gabrielle
Rise - Seay, Robbie
Rise & Fall [Sting] - David, Craig
Rise & Fall [w/Craig David] - Sting
Rise [Robbie Seay Band] - Gospel/Christian
Risin' to the Top, Give It All You Got - Burke, Keni
Rising, The - Springsteen, Bruce
Ritmo Total - Iglesias, Enrique
River Deep, Mountain High - Turner, Ike & Tina
River Deep, Mountain High [w/Ike] - Turner, Tina
River for Him, A - Ronstadt, Linda
River of Deceit - Mad Season
River of Dreams, The - Joel, Billy
River of Time - Judds, The
River Runs Low, The - Hornsby, Bruce
River, The - Gourdin, Noel
River, The - Dodd, Ken
River, The - Good Charlotte
River, The - Springsteen, Bruce
River, The - Brooks, Garth
River, The - Bolton, Michael
Rivera, Jerry - Si T - Ethnic - Spanish (more under individual artists)
Rivera, Jerry - Vuela Muy Alto - Ethnic - Spanish (more under individual artists)
Rivera, Lupillo - Despreciado - Ethnic - Spanish (more under individual artists)
Rivera, Lupillo - T - Ethnic - Spanish (more under individual artists)
Rivera, Lupillo - T - Ethnic - Spanish (more under individual artists)
Riverboat Song - Ocean Colour Scene
Rivers of Babylon - Boney M
Rivers, Bob - I Am Santa Claus - Comedy - Christmas
Rivers, Bob - Twelve Pains of Christmas, The - Comedy - Christmas
Rivers, Bob - What If Eminem Did Jingle Bells - Comedy - Christmas
Rivers, Bob - Wreck the Malls - Comedy - Christmas
Riverside (Let's Go) - Samson, Sidney & Wizard Sleeve
Road I'm On, The - 3 Doors Down
Road Rage - Catatonia
Road Runner - Diddley, Bo
Road Runner, (I'm a) - Walker, Junior & the All-Stars
Road to El Dorado - Friends Never Say Goodbye [Elton John] - Show Tunes - Movies - Dreamworks
Road to Hell - Rea, Chris
Road to Mandalay, The - Williams, Robbie
Road to Nowhere - Osbourne, Ozzy
Road to Nowhere - Talking Heads, The
Road Trippin' - Red Hot Chili Peppers
Road Trippin' - Wariner, Steve
Road You Leave Behind, The - Murphy, David Lee
Roadhouse Blues - Doors, The
Roam - B-52's, The
Roar - Perry, Katy
Roar of the Greasepaint, Smell of the Crowd - Who Can I Turn To - Show Tunes - Broadway
Robot Man - Francis, Connie
Roc Boys - Jay-Z
Roc the Life - Ora, Rita
Roc the Mic - Sigel, Beanie & Freeway
Rock & Roll All Night [live version] - Kiss
Rock & Roll All Night [studio version] - Kiss
Rock & Roll Band - Boston
Rock & Roll Christmas - Thorogood, George & the Destroyers
Rock & Roll Christmas [George Thorogood] - Christmas
Rock & Roll Dreams Come True - Meat Loaf
Rock & Roll Heaven - Righteous Brothers, The
Rock & Roll Hoochie Koo - Derringer, Rick
Rock & Roll Is Here to Stay - Danny & the Juniors
Rock & Roll Is King - Electric Light Orchestra, The
Rock & Roll Music - Beatles, The
Rock & Roll Never Forgets - Seger, Bob
Rock & Roll Pauvrete [Leloup] - Ethnic - French
Rock & Roll Star - Oasis
Rock & Roll Suicide - Bowie, David
Rock and a Hard Place - Rolling Stones, The
Rock and Roll - Led Zeppelin
Rock and Roll High School - Ramones, The
Rock and Roll Lullaby - Thomas, BJ
Rock and Roll Music - Beach Boys, The
Rock and Roll Part 2 - Glitter, Gary
Rock Around the Clock - Haley, Bill & the Comets
Rock Bottom - Judd, Wynonna
Rock Candy - Montrose
Rock Candy [Montrose] - Hagar, Sammy
Rock DJ - Williams, Robbie
ROCK in the USA - Mellencamp, John Cougar
Rock Island Line - Donegan, Lonnie
Rock Lobster - B-52's, The
Rock Me - Allen, Deborah
Rock Me - Great White
Rock Me - ABBA
Rock Me Amadeus - Falco
Rock Me Baby - King, B.B.
Rock Me Gently - Kim, Andy
Rock Me on the Water - Browne, Jackson
Rock Me Right - Tedeschi, Susan
Rock Me Tonight (for Old Times Sake) - Jackson, Freddie
Rock My Baby - Shenandoah
Rock My World (Little Country Girl) - Brooks & Dunn
Rock N Roll Megamix - Various
Rock n' Me - Miller, Steve
Rock n' Me - Steve Miller Band, The
Rock n' Roll - Status Quo
Rock n' Roll Ain't Noise Pollution - AC/DC
Rock n' Roll Angel - Kentucky Headhunters, The
Rock n' Roll Fantasy - Bad Company
Rock n' Roll Is Here to Stay - Sha-Na-Na
Rock n' Roll Is Here to Stay [Sha-Na-Na] - Grease
Rock n' Roll Is Here to Stay [Sha-Na-Na] - Show Tunes - Movies - Grease
Rock n' Roll Music - Berry, Chuck
Rock n' Roll Party Queen [Louis St. Louis] - Grease
Rock n' Roll Party Queen [Louis St. Louis] - Show Tunes - Movies - Grease
Rock n' Roll Waltz, The - Starr, Kay
Rock of Ages - Standards
Rock of Ages - Gospel/Christian
Rock of Ages - Def Leppard
Rock On - Essex, David
Rock Show, The - Blink 182
Rock Star [ft. Brian May] - Dappy
Rock Steady - All Saints
Rock Steady - Whispers, The
Rock Steady - Franklin, Aretha
Rock Steady [w/Bonnie Raitt] - Adams, Bryan
Rock Steady [w/Bryan Adams] - Raitt, Bonnie
Rock That Body - Black Eyed Peas
Rock the Boat - Aaliyah
Rock the Boat - Hues Corporation, The
Rock the Casbah - Clash, The
Rock the Party - Five
Rock the Party (Off the Hook) - POD
Rock This Country - Twain, Shania
Rock This Town - Stray Cats, The
Rock wit U (Awww Baby) - Ashanti
Rock Wit'cha - Brown, Bobby
Rock with You - Jackson, Michael
Rock Ya Body (Mic Check 1, 2) - MVP & Stagga Lee
Rock Yo Hips - Crime Mob
Rock You Baby - Keith, Toby
Rock You Like a Hurricane - Scorpions, The
Rock Your Baby - McCrae, George
Rock Your Body - Timberlake, Justin
Rock-a-Bye Baby - Children's/Bedtime Songs
Rock-a-Bye Heart - Holy, Steve
Rock-a-Bye Your Baby - Garland, Judy
Rock-a-Bye Your Baby - Jolson, Al
Rock-a-Hula Baby - Presley, Elvis
Rock-a-My Soul - Children's/Sunday School Songs
Rockabilly Rebel - Matchbox Twenty
Rockafeller Skank, The - FatBoy Slim
Rockaria - Electric Light Orchestra, The
Rocker - AC/DC
Rocket - Def Leppard
Rocket - Goldfrapp
Rocket 2 U - Jets, The
Rocket Man - John, Elton
Rocket Man [live TV version w/Elton John] - Adams, Ryan
Rocket Man [live TV version w/Ryan Adams] - John, Elton
Rocket Man [w/Bun B] - Posner, Mike
Rockin at Midnight - Honeydrippers, The
Rockin' All Over the World - Status Quo
Rockin' Around the Christmas Tree - Lee, Brenda
Rockin' Around the Christmas Tree [Brenda Lee] - Christmas
Rockin' Chair Money - Williams, Hank
Rockin' Down the Highway - Doobie Brothers, The
Rockin' Good Way (To Mess Around an Fall in Love) [w/Bonnie Tyler] - Shakin' Stevens
Rockin' Good Way (To Mess Around an Fall in Love) [w/Shakin' Stevens] - Tyler, Bonnie
Rockin' in the Free World - Young, Neil
Rockin' in the Free World [live cover] - Bon Jovi
Rockin' Onto the Night - 38 Special
Rockin' Pneumonia & the Boogie Woogie Flu - Rivers, Johnny
Rockin' Pneumonia and the Boogie Woogie Flu - Smith, Huey  Piano 
Rockin' Robin - Jackson, Michael
Rockin' Robin - Jackson Five, The
Rockin' Robin - Day, Johnny
Rockin' Robin - Day, Bobby
Rockin' Roll Baby - Stylistics, The
Rockin' the Beer Gut - Trailer Choir
Rockin' the Rock - Stewart, Larry
Rockin' the Suburbs - Ben Folds Five, The
Rockin' with the Rhythm of the Rain - Judds, The
Rockin' Years [w/Dolly Parton] - Shelton, Ricky Van
Rockin' Years [w/Ricky Van Shelton] - Parton, Dolly
Rocking Good Way, A [w/Brook Benton] - Washington, Dinah
Rocking Good Way, A [w/DinahWashington] - Benton, Brook
Rocks - Primal Scream
Rocks in Your Shoes - West, Emily
Rocks That You Can't Move - Greenwood, Lee
Rockstar - Nickelback
Rocky - Lee, Dickey
Rocky Horror Picture Show - Sweet Transvestite - Rocky Horror Picture Show, The
Rocky Mountain High - Denver, John
Rocky Mountain Music - Rabbitt, Eddie
Rocky Mountain Way - Walsh, Joe
Rocky Raccoon - Beatles, The
Rocky Top - Osborne Brothers, The
Rocky Top - Anderson, Lynn
Rocky Top - Traditional
Rocky Top - Standards
Rodeo - Brooks, Garth
Rodeo Man - Reeves, Ronna
Rodeo Song, The - Lee, Garry & Showdown
Rojas, Tito - Por Mujeres Como Tu - Ethnic - Spanish (more under individual artists)
Rojas, Tito - Que Mas T - Ethnic - Spanish (more under individual artists)
Rojenkes Mit Mandlin - Ethnic - Jewish
Roll Away the Stone - Mott the Hoople
Roll in My Sweet Baby's Arms - Russell, Leon
Roll Me Away - Seger, Bob
Roll Muddy River - Wilburn Brothers
Roll on Big Mama - Stampley, Joe
Roll on Down the Highway - Bachman Turner Overdrive
Roll on Eighteen Wheeler - Alabama
Roll on Mississippi - Pride, Charley
Roll Out (My Business) - Ludacris
Roll Over Beethoven - Berry, Chuck
Roll Over Beethoven - Beatles, The
Roll the Credits - Deanda, Paula
Roll to Me - Del Amitri
Roll Wit M.V.P. - Lee, Stagga
Roll with It - Winwood, Steve
Roll with It - Oasis
Roll with the Changes - REO Speedwagon
Rollercoaster - B*Witched
Rollin' & Tumblin' - Waters, Muddy
Rollin' (Air Raid Vehicle) - Limp Bizkit
Rollin' (The Ballad of Big & Rich) - Big & Rich
Rollin' (The Ballad of Big & Rich) (rap version) - Big & Rich
Rollin' in My Sweet Baby's Arms - Owens, Buck
Rollin' Stoned - Great White
Rollin' with the Flow - Rich, Charlie
Rollin' with the Flow - Chesnutt, Mark
Rolling in the Deep - Adele
Rollover DJ - Jet
Roly Poly - Wills, Bob & his Texas Playboys
Roly Poly [w/Asleep at the Wheel,  Ride with Bob ] - Dixie Chicks
Roly Poly [w/Dixie Chicks, on Ride with Bob album] - Asleep at the Wheel
Roman Holiday - Minaj, Nicki
Rome Wasn't Built in a Day - Morcheeba
Romeo - Parton, Dolly
Romeo - Basement Jaxx
Romeo - Mr. Big
Romeo & Juliet - Dire Straits
Romeo & Juliet - Earl, Stacy
Romeo and Juliet - Dire Straits
Romeo's Tune - Forbert, Steve
Rompe - Daddy Yankee
Roni - Brown, Bobby
Ronnie - Four Seasons, The
Ronstadt, Linda - En Mi Soledad - Ethnic - Spanish (more under individual artists)
Ronstadt, Linda - Guantanamera - Ethnic - Spanish (more under individual artists)
Ronstadt, Linda - La Cigarra - Ethnic - Spanish (more under individual artists)
Ronstadt, Linda - Paloma Blanca - Ethnic - Spanish (more under individual artists)
Ronstadt, Linda - Perfidia - Ethnic - Spanish (more under individual artists)
Rooftops - Lostprophets
Room Full of Roses, A - Morgan, George
Room Full of Roses, A - Gilley, Mickey
Rooms on Fire - Nicks, Stevie
Rooms on Fire - Fleetwood Mac
Rooster - Alice in Chains
Root of All Evil, The - Beautiful South, The
Rope the Moon - Montgomery, John Michael
Rosalie - Thin Lizzy
Rosalita (Come Out Tonight) - Springsteen, Bruce
Rosanna - Toto
Rosas - La Oreja de Van Gogh
Rose - Feeling, The
Rose Bouquet - Vassar, Phil
Rose Colored Glasses - Conlee, John
Rose Garden - Anderson, Lynn
Rose Garden [w/Dolly Parton] - Anderson, Lynn
Rose Garden [w/Lynn Anderson] - Parton, Dolly
Rose Garden, (I Never Promised You A) - McBride, Martina
Rose in Paradise - Jennings, Waylon
Rose Is a Rose, A - Edwards, Meredith
Rose Is Still a Rose, A - Franklin, Aretha
Rose Marie - Whitman, Slim
Rose of Tralee - Dunphy, Sean
Rose of Tralee, The - Ethnic - Irish
Rose Tattoo - Fisher, Eddie
Rose Tint My World Floor Show - Show Tunes - Movies - Rocky Horror Picture Show
Rose Tint My World Floor Show - Rocky Horror Picture Show, The
Rose's Turn - Show Tunes - Broadway - Gypsy
Rose, The - Westlife
Rose, The - Midler, Bette
Roses - Outkast
Roses Are Red - Mac Band, The
Roses Are Red - Vinton, Bobby
Roses Are Red - Carroll, Ronnie
Roses in the Snow - Dixie Chicks
Rosie - Browne, Jackson
Rosie - Partridge, Don
Rosie - Show Tunes - Broadway - Bye Bye Birdie
Rote Lippen Soll Man Kussen - Richard, Cliff
Rotterdam - Beautiful South, The
Rough & Ready - Adkins, Trace
Rough Boy - ZZ Top
Rough Landing, Holly - Yellowcard
Roun' the Globe - Nappy Roots
Round & Round - Spandau Ballet
Round & Round - Campbell, Tevin
Round & Round - Ratt
Round & Round - Como, Perry
Round About Way - Strait, George
Round Every Corner - Clark, Petula
Round Here - Counting Crows
Round Midnight - Standards - Jazz
Round Round - Sugababes
Roundabout - Yes
Roustabout - Presley, Elvis
Route 66 - Cole, Nat 'King'
Route 66 - Cole, Natalie
Route 66 - Standards
Row Row Row Your Boat - Traditional
Row, Row, Row Your Boat - Children's/Nursery Rhymes
Row, Row, Row Your Boat - Children's Songs
Roxanne - Police, The
Roxanne - Michael, George
Roxanne '97 - Police, The
Roxanne Roxanne - UTFO
Roxie - Show Tunes - Broadway - Chicago
Royal Guardsmen - Snoopy vs. the Red Baron - Comedy
Royal Guardsmen - Snoopy's Christmas - Comedy - Christmas
Royals - Lorde
Rub It In - Craddock, Billy 'Crash'
Rub It In - King, Matt
Rub Me the Right Way - Martin, Brad
Rub You the Right Way - Gill, Johnny
Rub-a-Dub-Dub - Children's/Silly Songs
Rub-a-Dub-Dub - Thompson, Hank
Rub-a-Dubbin' - Mellons, Ken
Rubber Ball - Vee, Bobby
Rubber Band Man - TI
Rubber Biscuit - Blues Brothers, The
Rubber Bullets - 10cc
Rubberband Banks - Young Dro
Rubberband Man, The - Spinners, The
Rubberneckin' - Presley, Elvis
Rubberneckin' (Paul Oakenfold remix) - Presley, Elvis
Rubio, Paulina - El Ultimo Adios - Ethnic - Spanish (more under individual artists)
Rubio, Paulina - Lo Hare por Ti - Ethnic - Spanish (more under individual artists)
Rubio, Paulina - Yo No Soy Esa Mujer - Ethnic - Spanish (more under individual artists)
Ruby - Kaiser Chiefs
Ruby (Don't Take Your Love to Town) - Rogers, Kenny
Ruby Ann - Robbins, Marty
Ruby Baby - Dion & the Belmonts
Ruby Tuesday - Rolling Stones, The
Ruby Tuesday - Melanie
Ruby, Don't Take Your Love to Town [w/1st Edition] - Rogers, Kenny
Ruddigore - To a Garden Full of Posies - Show Tunes - Broadway
Rude Boy - Rihanna
Rudebox - Williams, Robbie
Rudolph the Red-Nosed Reindeer - Christmas
Rudolph the Red-Nosed Reindeer - Autry, Gene
Rudolph the Red-Nosed Reindeer [Gene Autry] - Christmas
Ruffneck - MC Lyte
Ruiz, Rey - Desde Que No Estas - Ethnic - Spanish (more under individual artists)
Ruiz, Rey - Muevelo - Ruiz, Rey
Rule the World - Take That
Rum and Coca-Cola - Standards
Rumble in the Jungle - Fugees, The
Rumor Has It - McEntire, Reba
Rumor Has It - Walker, Clay
Rumors - Timex Social Club
Rumors - Lohan, Lindsay
Rumour Has It - Adele
Rump Shaker - Wreckx n' Effect
Run - Gnarls Barkley
Run - Strait, George
Run - Lewis, Leona
Run - Snow Patrol
Run - McDonald, Amy
Run - Collective Soul
Run (Radio One Live Lounge Version) - Lewis, Leona
Run and Tell That - Show Tunes - Broadway - Hairspray
Run Away - Real McCoy, The
Run Away - Jarosz, Sarah
Run Away - McAnally, Shane
Run Away Child, Running Wild - Temptations, The
Run Baby Run - Crow, Sheryl
Run Baby Run - Garbage
Run for Home - Lindisfarne
Run for Your Life - Beatles, The
Run for Your Life - Cardle, Matt
Run It - Brown, Chris
Run On - Presley, Elvis
Run River Run - Loggins & Messina
Run Rudolph Run - Berry, Chuck
Run Rudolph Run [Chuck Berry] - Christmas
Run Run Rudolph - Adams, Bryan
Run Run Rudolph [Bryan Adams] - Christmas
Run Runaway - Slade
Run the World (Girls) - Beyonc
Run This Town [w/Jay-Z & Kanye West] - Rihanna
Run This Town [w/Jay-Z & Rihanna] - West, Kanye
Run This Town [w/Rihanna & Kanye West] - Jay-Z
Run Through the Jungle - Creedence Clearwater Revival
Run to Him - Vee, Bobby
Run to Me - Bee Gees, The
Run to Me - De la Hoya, Oscar
Run to My Lovin' Arms - Fury, Billy
Run to the Hills - Iron Maiden
Run to the Water - Live
Run to You - Houston, Whitney
Run to You - Adams, Bryan
Run [Flo Rida & Redfoo] - LMFAO
Run [ft. Redfoo] - Flo Rida
Run, Run, Run - Tyler, Ryan
Run, Woman, Run - Wynette, Tammy
Runaground - James
Runaround - Blues Traveler
Runaround Sue - Dion & the Belmonts
Runaway - Finck, Jerad
Runaway - Raitt, Bonnie
Runaway - Jefferson Starship
Runaway - Love and Theft
Runaway - Corrs, The
Runaway - Linkin Park
Runaway - Shannon, Del
Runaway - Bon Jovi
Runaway - Jamiroquai
Runaway (live) - Presley, Elvis
Runaway Baby - Mars, Bruno
Runaway Boys - Stray Cats, The
Runaway Love [w/Ludacris] - Blige, Mary J
Runaway Love [w/Mary J Blige] - Ludacris
Runaway Train - Cash, Rosanne
Runaway Train - Sears, Dawn
Runaway Train - Soul Asylum
Runaway Train [w/Elton John] - Clapton, Eric
Runaway Train [w/Eric Clapton] - John, Elton
Runaways - Killers, The
Runner - Stevenson, Laura
Runnin' (Dying to Live) [w/Notorious B.I.G.] - Shakur, Tupac
Runnin' (Dying to Live) [w/Tupac Shakur] - Notorious BIG
Runnin' Away with My Heart - Lonestar
Runnin' Behind - Lawrence, Tracy
Runnin' Down a Dream - Petty, Tom
Runnin' Out of Air - Love and Theft
Runnin' with the Devil - Van Halen
Runnin' with the Wind - Rabbitt, Eddie
Running - Stefani, Gwen
Running - No Doubt
Running - Evermore
Running Away - Hoobastank
Running Back [w/Flo Rida] - Mauboy, Jessica
Running Back [w/Jessica Mauboy] - Flo Rida
Running Bare - Nesbitt, Jim
Running Bear - Preston, Johnny
Running from Me - Trust Company
Running in the Family - Level 42
Running Into You - Sadler, Sarah
Running Kind, The - Foster, Radney
Running on Empty - Browne, Jackson
Running on Faith - Clapton, Eric
Running on Ice - Joel, Billy
Running Out of Reasons to Run - Trevino, Rick
Running Scared - Orbison, Roy
Running Through the Garden - Fleetwood Mac
Running Up That Hill - Bush, Kate
Running with the Night - Richie, Lionel
Runway Lights - Cyrus, Billy Ray
Rush - Aly & AJ
Rush Hour - Wiedlin, Jane
Rush Rush - Abdul, Paula
Rushes - Darius
Russian Cradle Song - Children's/Bedtime Songs
Russian Roulette - Rihanna
Russians - Sting
