Qu - Montenegro, Pilar
Qu - Cabrera, Jorge Luis
Quando, Quando, Quando - Humperdinck, Engelbert
Quarter to Three, A - Bonds, Gary U.S.
Que Alguien Me Diga - Santa Rosa, Gilberto
Que Bonito Amor - Banda Maguey
Que el Ritmo No Pare - Manterola, Patricia
Que Ganas - Montaner, Ricardo
Que Le Den Candela - Cruz, Celia
Que Lloro - Sin Bandera
Que Mas T - Rojas, Tito
Que Me Vas a Dar? - La Arrolladora Banda el Limon de Rene Ca
Que Poca - Los Invasores de Nuevo Leon
Que Se Yo - Enrique, Luis
Que Sepan Todos - Aguilar, Pepe
Que Sera - Torres, Diego
Que Sera Sera (Whatever Will Be, Will Be) - Day, Doris
Que Te Ruegue Quien Te Quiera - Banda el Recodo
Que Te Vas - Lamond, George
Que Voy a Hacer Sin Ti - Montero, Pablo
Que Vuelva - Bueno, Alex
Queen of Clubs - KC & the Sunshine Band
Queen of Hearts - Newton, Juice
Queen of Hop - Darin, Bobby
Queen of Memphis - Confederate Railroad, The
Queen of My Double Wide Trailer - Kershaw, Sammy
Queen of My Heart - Williams, Hank Jr.
Queen of My Heart - Westlife
Queen of New Orleans - Bon Jovi
Queen of Pop - Gonna Bees
Queen of the Broken Hearts - Loverboy
Queen of the House - Miller, Jody
Queen of the New Year - Deacon Blue
Queen of the Night - Houston, Whitney
Queen of the Reich - Queensryche
Queen of the Silver Dollar - Doyle, Holly
Queen of the Slipstream - Morrison, Van
Queen, The - Lady Gaga
Queer - Garbage
Quemame los Ojos - Ramon Ayala y Sus Bravos del Norte
Quest, The - Christopher, Bryn
Question - Moody Blues, The
Question - System of a Down
Question 67 & 68 - Chicago
Question Everything - 8 Stops 7
Question of Faith - Lighthouse Family, The
Quezada, Milly - Pideme - Ethnic - Spanish (more under individual artists)
Quicksand - Martha & the Vandellas
Quicksand - La Roux
Quien Te Dijo Eso - Fonsi, Luis
Quien Te Robo el Corazon? - Ednita
Quiero - Rivera, Jerry
Quiero Decirte Que Te Amo - Laura Pausini
Quiero Perderme en Tu Cuerpo - Bisbal, David
Quiet Life - Japan
Quiet Time to Play - Gill, Johnny
Quimbara - Cruz, Celia
Quinones, Domingo - Domingo Busca un Amor - Ethnic - Spanish (more under individual artists)
Quintanilla, AB & Los Kumbia Kings - Sshh - Ethnic - Spanish (more under individual artists)
Quisiera Poder Olvidarme de T - Fonsi, Luis
Quisiera Ser - Sanz, Alejandro
Quit Playing Games with My Heart - Backstreet Boys, The
Quitemonos la Ropa - Pires, Alexandre
Quits - Stewart, Gary
Quittin' Kind, The - Diffie, Joe
Quittin' Time - Carpenter, Mary Chapin
Quiz - Iglesias, Enrique
Quizas Quizas Quizas - Cole, Nat 'King'
