J Cole -  see  Cole, J 
J'son - I'll Never Stop Loving You
J-Hood - I Won't Tell [w/Fat Joe]
J-Hood - Ahh [w/Ciara]
J-Kwon - Tipsy
J-Lo - see  Lopez, Jennifer 
J. Geils Band, The - Flame Thrower
J. Geils Band, The - First I Look at the Purse
J. Geils Band, The - Centerfold
J. Geils Band, The -  see also  Wolf, Peter 
J. Geils Band, The - Take It Back
J. Geils Band, The - One Last Kiss
J. Geils Band, The - Musta Got Lost (studio version)
J. Geils Band, The - Love Stinks
J. Geils Band, The - I Do
J. Geils Band, The - House Party, (Ain't Nothin' But A)
J. Geils Band, The - Give It to Me
J. Geils Band, The - Freeze-Frame
Ja Rule - Murder Reigns
Ja Rule - Put It on Me [w/Lil Mo & Vita]
Ja Rule - Rainy Dayz [w/Mary J Blige]
Ja Rule - Thug Lovin' [w/Bobby Brown]
Ja Rule - Wonderful [w/R. Kelly & Ashanti]
Ja Rule - Mesmerize [w/Ashanti]
Ja Rule - Livin' It Up
Ja Rule - Ain't It Funny (remix) [w/Jennifer Lopez]
Ja Rule - Always on Time [w/Ashanti]
Ja Rule - Between Me and You [w/Christina Milan]
Ja Rule - Can I Get A.... [w/Jay-Z & Amli]
Ja Rule - Down Ass Chick [w/Charli Chuck Baltimore]
Ja Rule - Clap Back, The
Ja Rule - Down 4 U [w/Inc & Ashanti & Charli Baltimore&Vita]
Ja Rule - Happy [w/Ashanti]
Ja Rule - I Cry [w/Lil Mo]
Ja Rule - I'm Real [w/Jennifer Lopez]
Jaber, Tamara - Ooh Aah
Jack's Mannequin - Release Me
Jack's Mannequin - My Racing Thoughts
Jacks, Terry - Seasons in the Sun
Jackson 5 - Who's Loving You
Jackson Five, The - ABC
Jackson Five, The - Enjoy Yourself
Jackson Five, The - I Want You Back
Jackson Five, The - I'll Be There
Jackson Five, The - Stop!  the Love You Save May Be Your Own
Jackson Five, The - Rockin' Robin
Jackson Five, The - Never Can Say Goodbye
Jackson, Alan - Small Town Southern Man
Jackson, Alan - Softly and Tenderly
Jackson, Alan - Someday
Jackson, Alan - Song for the Life
Jackson, Alan - Standing on the Promises
Jackson, Alan - Summertime Blues
Jackson, Alan - Talkin' Song Repair Blues, The
Jackson, Alan - Tall Tall Trees
Jackson, Alan - Sissy's Song
Jackson, Alan - She's Got the Rhythm (and I Got the Blues)
Jackson, Alan - Ring of Fire [w/Lee Ann Womack]
Jackson, Alan - Midnight in Montgomery
Jackson, Alan - Monday Morning Church
Jackson, Alan - Murder on Music Row [w/George Strait]
Jackson, Alan - Must've Had a Ball
Jackson, Alan - Old Rugged Cross, The
Jackson, Alan - Pop a Top
Jackson, Alan - Remember When
Jackson, Alan - Right on the Money
Jackson, Alan - That'd Be Alright
Jackson, Alan - There Goes
Jackson, Alan - Three Minute Up Tempo Love Song
Jackson, Alan - When We All Get to Heaven
Jackson, Alan - Where I Come From
Jackson, Alan - Where Were You (When the World Stopped Turning)
Jackson, Alan - Who Says You Can't Have It All
Jackson, Alan - Woman's Love, A
Jackson, Alan - Work in Progress
Jackson, Alan - www.memory
Jackson, Alan - You Can't Give Up on Love
Jackson, Alan - When Somebody Loves You
Jackson, Alan - When Love Comes Around
Jackson, Alan - Tis So Sweet to Trust in Jesus
Jackson, Alan - Tonight I Climbed the Wall
Jackson, Alan - Too Much of a Good Thing
Jackson, Alan - Tropical Depression
Jackson, Alan - Turn Your Eyes Upon Jesus
Jackson, Alan - USA Today
Jackson, Alan - Walk on the Rocks
Jackson, Alan - What a Friend We Have in Jesus
Jackson, Alan - Who's Cheatin' Who
Jackson, Alan - Mercury Blues
Jackson, Alan - Angels Cried, The [w/Alison Krauss]
Jackson, Alan - Everything I Love
Jackson, Alan - Gone Country
Jackson, Alan - Gone Crazy
Jackson, Alan - Good Time
Jackson, Alan - Good Year for the Roses, A [w/George Jones]
Jackson, Alan - Here in the Real World
Jackson, Alan - Hey Good Lookin'[w/Black,Buffet,Chesny,Kth,Strait]
Jackson, Alan - Home
Jackson, Alan - House with No Curtains, A
Jackson, Alan - Drive (For Daddy Gene)
Jackson, Alan - Don't Rock the Jukebox
Jackson, Alan - Designated Drinker [w/George Strait]
Jackson, Alan - Are You Washed in the Blood-I'll Fly Away Medley
Jackson, Alan - Between the Devil and Me
Jackson, Alan - Blessed Assurance
Jackson, Alan - Blues Man, The
Jackson, Alan - Buicks to the Moon
Jackson, Alan - Chasin' That Neon Rainbow
Jackson, Alan - Chattahoochee
Jackson, Alan - Country Boy
Jackson, Alan - Dallas
Jackson, Alan - How Great Thou Art
Jackson, Alan - I Don't Even Know Your Name
Jackson, Alan - Leaning on the Everlasting Arms
Jackson, Alan - Let It Be Christmas
Jackson, Alan - Like Red on a Rose
Jackson, Alan - Little Bitty
Jackson, Alan - Little Bluer than That, A
Jackson, Alan - Meat and Potato Man
Jackson, Alan - Love's Got a Hold on You
Jackson, Alan - Little Man
Jackson, Alan - Long Way to Go
Jackson, Alan - Livin' on Love
Jackson, Alan - It's Just That Way
Jackson, Alan - It's Five O'Clock Somewhere [w/Jimmy Buffett]
Jackson, Alan - I Want to Stroll Over Heaven with You
Jackson, Alan - I'd Love You All Over Again
Jackson, Alan - I'll Go on Loving You
Jackson, Alan - I Love to Tell the Story
Jackson, Alan - I'll Try
Jackson, Alan - In the Garden
Jackson, Alan - It Must Be Love
Jackson, Alan - It's All About Him (Moby edit)
Jackson, Alan - It's Alright to Be a Redneck
Jackson, Alan - I Still Like Bologna
Jackson, Brandon - Just a Good Friend
Jackson, Chuck - I Don't Want to Cry
Jackson, Chuck - Any Day Now
Jackson, Chuck - Daddy's Home [w/Maxine Brown]
Jackson, Freddie - Love Me Down
Jackson, Freddie - All Over You
Jackson, Freddie - I Don't Want to Lose Your Love
Jackson, Freddie - Nice n' Slow
Jackson, Freddie - You Are My Lady
Jackson, Freddie - Was It Something
Jackson, Freddie - Thank You
Jackson, Freddie - Rock Me Tonight (for Old Times Sake)
Jackson, Freddie - Jam Tonight
Jackson, Freddie - Make Love Easy
Jackson, Giselle - Huele a Peligro
Jackson, Janet - Nasty
Jackson, Janet - Miss You Much
Jackson, Janet - Luv
Jackson, Janet - Love Will Never Do
Jackson, Janet - Love Doesn't Really Matter
Jackson, Janet - Let's Wait Awhile
Jackson, Janet - Pleasure Principle
Jackson, Janet - Someone to Call My Lover
Jackson, Janet - Son of a Gun
Jackson, Janet - Son of a Gun [P Diddy remix]
Jackson, Janet - That's the Way Love Goes
Jackson, Janet - Together Again
Jackson, Janet - What Have You Done for Me Lately
Jackson, Janet - When I Think of You
Jackson, Janet - You Want This
Jackson, Janet - Just a Little While
Jackson, Janet - If
Jackson, Janet - Call on Me [w/Nelly]
Jackson, Janet - Black Cat
Jackson, Janet - Best Things in Life Are Free,The[w/LutherVandross]
Jackson, Janet - Because of Love
Jackson, Janet - Again
Jackson, Janet - Any Time, Any Place
Jackson, Janet - Alright
Jackson, Janet - All Nite
Jackson, Janet - All for You
Jackson, Janet - Come Back to Me
Jackson, Janet - Control
Jackson, Janet - Feel It Boy [w/Beenie Man]
Jackson, Janet - Go Deep
Jackson, Janet - I Get Lonely
Jackson, Janet - Feedback
Jackson, Janet - I Want You
Jackson, Janet - Everytime
Jackson, Janet - Escapade
Jackson, Janet - Dosen't Really Matter
Jackson, Janet - Doesn't Really Matter
Jackson, Jermaine - Let's Get Serious
Jackson, Jermaine - If You Say My Eyes Are Beautiful[w/WhitneyHouston]
Jackson, Jermaine - Tell Me I'm Not Dreamin' (Too Good toBeTrue)[w/MJ]
Jackson, Joe - Is She Really Going Out with Him?
Jackson, Joe - Breaking Us in Two
Jackson, Joe - Different for Girls
Jackson, Joe - It's Different for Girls
Jackson, Joe - Sunday Papers
Jackson, Joe - Steppin' Out
Jackson, Joe - Look Sharp!
Jackson, Leon - Don't Call This Love
Jackson, Leon - Creative
Jackson, Leon - When You Believe
Jackson, Mahalia - We Shall Overcome
Jackson, Michael - Speechless
Jackson, Michael - Somebody's Watching Me [backup on Rockwell song]
Jackson, Michael - Smooth Criminal
Jackson, Michael - She's Out of My Life
Jackson, Michael - Shake Your Body (Down to the Ground)[The Jacksons]
Jackson, Michael - Say, Say, Say [w/Paul McCartney]
Jackson, Michael - Rockin' Robin
Jackson, Michael - Rock with You
Jackson, Michael - Remember the Time
Jackson, Michael - P.Y.T. (Pretty Young Thing)
Jackson, Michael - Stranger in Moscow
Jackson, Michael - Tell Me I'm Not Dreamin' [w/Jermaine Jackson]]
Jackson, Michael - You Rock My World
Jackson, Michael - You Are Not Alone
Jackson, Michael - Will You Be There
Jackson, Michael - Why [w/3T]
Jackson, Michael - Whoops Now
Jackson, Michael - Way You Make Me Feel, The
Jackson, Michael - Wanna Be Startin' Somethin'
Jackson, Michael - Thriller
Jackson, Michael - This Is It
Jackson, Michael - They Don't Really Care About Us
Jackson, Michael - One More Chance
Jackson, Michael - Off the Wall
Jackson, Michael - Dangerous
Jackson, Michael - Cry
Jackson, Michael - Childhood
Jackson, Michael - Can You Feel It [The Jacksons]
Jackson, Michael - Butterflies
Jackson, Michael - Blame It on the Boogie [The Jacksons]
Jackson, Michael - Black or White
Jackson, Michael - Billie Jean
Jackson, Michael - Ben
Jackson, Michael - Beat It
Jackson, Michael - Bad
Jackson, Michael - Another Part of Me
Jackson, Michael - Dirty Diana
Jackson, Michael - Don't Stop 'Til You Get Enough
Jackson, Michael - Earth Song
Jackson, Michael - Man in the Mirror
Jackson, Michael - Liberian Girl
Jackson, Michael - Jam
Jackson, Michael - In the Closet
Jackson, Michael - I Just Can't Stop Loving You [w/Siedah Garrett]
Jackson, Michael - Human Nature
Jackson, Michael - Hold My Hand [w/Akon]
Jackson, Michael - Heal the World
Jackson, Michael - Girl Is Mine, The [w/Paul McCartney]
Jackson, Michael - Farewell My Summer Love
Jackson, Michael - Ease on Down the Road [w/Diana Ross]
Jackson, Michael - Earthsong
Jackson, Nathan Lee - Desperate Man
Jackson, Stonewall - Waterloo
Jackson, Stonewall - Life to Go
Jackson, Stonewall - Don't Be Angry
Jackson, Stonewall - B. J. the D. J.
Jackson, Stonewall - Wound Time Can't Erase, A
Jackson, Wanda - In the Middle of a Heartache
Jackson, Wanda - Right or Wrong
Jackyl - Lumberjack, The
Jada - Break Up Song
Jadakiss - Jenny from the Block [w/Jennifer Lopez & Styles]
Jadakiss - Can't Stop Me [w/Ayanna Irish]
Jadakiss - Why? [w/Anthony Hamilton]
Jadakiss - Who's Real [w/Swizz Beatz & OJ Da Juiceman]
Jadakiss - Day & Night [w/Isyss]
Jadakiss - Time's Up [w/Nate Dogg]
Jadakiss - U Make Me Wanna [w/Mariah Carey]
Jade - Looking for Mr. Right
Jade - Every Day of the Week
Jade - Don't Walk Away
Jade - 5-4-3-2-Yo! Time Is Up
Jagged Edge - Where the Party at [w/Nelly]
Jagged Edge - What's It Like
Jagged Edge - Walked Outta Heaven
Jagged Edge - Trade It All Part 2 [w/Fabolous & P. Diddy]
Jagged Edge - Put a Little Umph in It [w/Ashanti]
Jagged Edge - My Baby [w/Bow Wow]
Jagged Edge - I Got It
Jagged Edge - Goodbye
Jagged Edge - Good Luck Charm
Jagged Edge - Don't Mess with My Man [2002 mix w/Nivea]
Jagged Edge - Nasty Girl [w/Notorious BIG & Diddy & Nelly]
Jagged Edge - Promise
Jaheim - Put That Woman First
Jaheim - Never
Jaheim - My Place [w/Nelly]
Jaheim - I've Changed [w/Keyshia Cole]
Jaheim - Have You Ever
Jaheim - Fabulous [w/Tha Rayne]
Jaheim - Could It Be
Jaheim - Backtight
Jaheim - Anything [w/Next]
Jaimeson - Complete
Jakatta & Seal - My Vision
Jam - That's Entertainment
Jam - Eton Rifles, The
Jam, The - Billy Hunt
Jam, The - That's Entertainment
Jam, The - Beat Surrender
Jam, The - Town Called Malice, A
Jam, The - To Be Someone
Jam, The - Absolute Beginners
Jam, The - All Around the World
Jam, The - Strange Town
Jam, The - Start
Jam, The - Modern World, The
Jam, The - Bitterest Pill (i've Ever Had to Swallow), The
Jam, The - David Watts
Jam, The - Down in the Tube Station at Midnight
Jam, The - Eaton Rifles
Jam, The - Eton Rifles
Jam, The - Funeral Pyre
Jam, The - Going Underground
Jam, The - Just Who Is the Five O'clock Hero
Jamaica - Tell Me Where It Hurts
Jamelia - Thank You
Jamelia - Superstar
Jamelia - Beware of the Dog
Jamelia - Stop
Jamelia - No More
Jamelia - See It in a Boy's Eyes
Jamelia - Something About You
James - Sound
James - Sit Down
James - Runaground
James - Laid
James - Born of Frustration
James - Fred Astaire
James Gang, The - Funk #49
James Gang, The - Walk Away
James, Brett - Female Bonding
James, Brett - Chasing Amy
James, Brett - After All
James, Duncan - I Believe My Heart [w/Keedie]
James, Duncan - Sooner or Later
James, Elmore - Dust My Broom
James, Etta - Feel Like Breakin' Up...
James, Etta - At Last
James, Etta - Damn Your Eyes
James, Etta - Sunday Kind of Love
James, Etta - Tell Mama
James, Etta - Dance with Me Henry
James, Etta - I'd Rather Go Blind
James, Etta - I Just Want to Make Love to You
James, Halo - Could Have Told You So
James, Holly - I'm in Heaven [w/Jason Nevins]
James, Jessie - I Look So Good (Without You)
James, Jessie - Wanted
James, Jimmy & Vagabonds - Now Is the Time
James, Joni - Why Don't You Believe Me
James, Mickie - Somebody's Gonna Pay
James, Rick - Fire and Desire [w/Teena Marie]
James, Rick - Super Freak
James, Rick - Mary Jane
James, Rick - Give It to Me Baby
James, Sonny - You're the Only World I Know
James, Sonny - Young Love
James, Sonny - Since I Met You Baby
James, Sonny - It's the Little Things
James, Sonny - Behind the Tear
James, Sonny - Bright Lights, Big City
James, Sonny - Don't Keep Me Hangin' On
James, Sonny - Heaven Says Hello
James, Sonny - I'll Never Find Another You
James, Tommy & the Shondells - Mirage
James, Tommy & the Shondells - Sweet Cherry Wine
James, Tommy & the Shondells - Mony Mony
James, Tommy & the Shondells - I Think We're Alone Now
James, Tommy & the Shondells - Hanky Panky
James, Tommy & the Shondells - Draggin' the Line
James, Tommy & the Shondells - Crystal Blue Persuasion
James, Tommy & the Shondells - Crimson & Clover
Jameson, Jimi - I'm Always Here (Baywatch Theme)
Jamiroquai - You Give Me Something
Jamiroquai - Virtual Insanity
Jamiroquai - Seven Days in Sunny June
Jamiroquai - Runaway
Jamiroquai - Cosmic Girl
Jamiroquai - Deeper Underground
Jamiroquai - Feels Just Like It Should
Jamiroquai - King for a Day
Jamiroquai - Canned Heat
Jamiroquai - Little L
Jamison, Jimi - Baywatch
Jan & Dean - Surf City
Jan & Dean - Little Old Lady from Pasadena, The
Jan & Dean - Dead Man's Curve
Jan & Kjeld - Banjo Boy
Jana - Ooh Baby, Baby
Jane's Addiction - True Nature
Jane's Addiction - Rexall [Dave Navarro solo]
Jane's Addiction - Just Because
Jane's Addiction - Jane Says
Jane's Addiction - Irresistible Force
Jane's Addiction - Hungry [Dave Navarro solo]
Jane's Addiction - Been Caught Stealing
JaneDear Girls, The - Wildflower
Janet, Joanna - Since I've Seen You Last
Janet, Joanna - Seven Little Steps
Janson, Chris - Cut Me Some Slack
Japan - I Second That Emotion
Japan - Quiet Life
Jarabe de Palo - De Vuelta y Vuelta
Jaron & the Long Road to Love - Pray for You
Jaron & the Long Road to Love - It's a Good Thing
Jarosz, Sarah - Run Away
Jarreau, Al - We're in This Love Together
Jarreau, Al - Teach Me Tonight
Jarreau, Al - Since I Fell for You
Jarreau, Al - Mornin'
Jarreau, Al - Moonlighting
Jarreau, Al - After All
Jarreau, Al - Boogie Down
Jars of Clay - Whatever She Wants
Jars of Clay - Revolution
Jars of Clay - I Need You
Jars of Clay - Flood
Jars of Clay - Crazy Times
Javier - Beautiful U R
Javier - Crazy
Javine - Real Things
Javine - Surrender
Javine - Touch My Fire
Jay & the Americans - Cara Mia
Jay & the Americans - Walkin' in the Rain
Jay & the Americans - This Magic Moment
Jay & the Americans - Sunday and Me
Jay & the Americans - Come a Little Bit Closer
Jay & the Americans - Let's Lock the Door (And Throw Away the Key)
Jay & the Americans - Only in America
Jay & the Americans - She Cried
Jay & the Americans - Some Enchanted Evening
Jay & the Americans - Some Enchanted Evening [Perry Como version]
Jay & the Techniques - Keep the Ball Rollin'
Jay & the Techniques - Apples, Peaches, Pumpkin Pie
Jay Sean - Down [w/Lil Wayne]
Jay-Z - Real as It Gets [w/Young Jeezy]
Jay-Z - Otis [w/Kanye West]
Jay-Z - On to the Next One [w/Swizz Beatz]
Jay-Z - Numb/Encore [w/Linkin Park]
Jay-Z - No Church in the Wild [w/Kanye West & Frank Ocean]
Jay-Z - Lost One [w/Chrisette Michele]
Jay-Z - Roc Boys
Jay-Z - Run This Town [w/Rihanna & Kanye West]
Jay-Z - Show Me What You Got
Jay-Z - Storm [w/Lenny Kravitz]
Jay-Z - Suit and Tie [w/Justin Timberlake]
Jay-Z - Talk That Talk [ft. Rihanna]
Jay-Z - Umbrella [w/Rihanna]
Jay-Z - Upgrade U [w/Beyonc
Jay-Z - Young Forever [w/Mr. Hudson]
Jay-Z - Just Wanna Love U (Give It 2 Me)
Jay-Z - I Know [w/Pharrell]
Jay-Z - 99 Problems
Jay-Z - Back in the Day [w/Missy Elliott]
Jay-Z - 03 Bonnie & Clyde [w/Beyonc
Jay-Z - Big Pimpin' [w/UGK]
Jay-Z - Can I Get A.... [w/Amli & Ja Rule]
Jay-Z - Change Clothes [w/Pharrell]
Jay-Z - Crazy in Love [w/Beyonc
Jay-Z - D
Jay-Z - Dirt Off Your Shoulder
Jay-Z - Empire State of Mind [w/Alicia Keys]
Jay-Z - Excuse Me Miss
Jay-Z - Frontin' [w/Pharrell]
Jay-Z - Get This Money [w/R Kelly]
Jay-Z - Girls Girls Girls
Jay-Z - Holy Grail [w/Justin Timberlake]
Jay-Z - Heartbreaker [w/Mariah Carey]
Jay-Z - Hands Up [w/Lloyd Banks]
Jaye, Courtney - Can't Behave
Jayhawks, The - I'm Gonna Make You Love Me
Jealousy - Lucy
Jean, Wyclef - Gone Til November
Jean, Wyclef - You Know What It Is [w/T.I.]
Jean, Wyclef - Two Wrongs [w/Claudette Ortiz]
Jean, Wyclef - Sweetest Girl [w/Akon & Lil Wayne & Nia]
Jean, Wyclef - Perfect Gentleman
Jean, Wyclef - Party to Damascus [w/Missy Elliott]
Jean, Wyclef -  see also  Fugees, The 
Jean, Wyclef - New Day [w/Bono]
Jean, Wyclef - 911 [w/Mary J Blige]
Jean, Wyclef - Bubblegoose [South Park]
Jean, Wyclef - Hips Don't Lie [w/Shakira]
Jedward - Under Pressure (Ice Ice Baby) [ft.Vanilla Ice]
Jeezy - see  Young Jeezy 
Jeff Healey Band, The - While My Guitar Gently Weeps
Jeff Healey Band, The - Lost in Your Eyes
Jeff Healey Band, The - I Think I Love You Too Much
Jeff Healey Band, The - Confidence Man
Jeff Healey Band, The - Angel Eyes
Jeff Healey Band, The - Blue Jean Blues
Jefferson Airplane - Somebody to Love
Jefferson Airplane - Volunteers
Jefferson Airplane - White Rabbit
Jefferson Starship - Find Your Way Back
Jefferson Starship - Jane
Jefferson Starship - Miracles
Jefferson Starship - Runaway
Jefferson Starship - Count on Me
Jefferson Starship -  see also  Starship 
Jefferson, Paul - I Might Just Make It
Jefferson, Paul - Fear of a Broken Heart
Jefferson, Paul - Check Please
Jekyll & Hyde - Till You Come Into My Life
Jekyll & Hyde - This Is the Moment
Jekyll & Hyde - Someone Like You
Jekyll & Hyde - Once Upon a Dream (Reprise)
Jekyll & Hyde - Once Upon a Dream
Jekyll & Hyde - No One Knows Who I Am
Jekyll & Hyde - New Life, A
Jekyll & Hyde - Love Has Come of Age
Jelly Beans, The - I Wanna Love Him So Bad
Jem - They
Jem - Just a Ride
Jem - 24
Jem - Wish I
Jenkins, Jody - Every Single Thing
Jenkins, The - Getaway Car
Jenkins, The - Blame It on Mama
Jennings, Lyfe - S.E.X. [w/Lala Brown]
Jennings, Lyfe - Must Be Nice
Jennings, Lyfe - Freeze [w/LL Cool J]
Jennings, Shooter - Wild & Lonesome [w/Patty Griffin]
Jennings, Shooter - 4th of July
Jennings, Waylon - One Good Love [w/Neil Diamond]
Jennings, Waylon - On the Road Again [w/Willie Nelson]
Jennings, Waylon - Okie from Muskogee
Jennings, Waylon - Never Could Toe the Mark
Jennings, Waylon - Mamas Don't Let Your Babies Grow Up to be Cowboys [w/Willie Nelson]
Jennings, Waylon - Luckenback, Texas
Jennings, Waylon - Only Daddy That'll Walk the Line
Jennings, Waylon - Rainy Day Woman
Jennings, Waylon - Rose in Paradise
Jennings, Waylon - Shine
Jennings, Waylon - There Ain't No Good Chain Gang [w/Johnny Cash]
Jennings, Waylon - Wrong
Jennings, Waylon - Wurlitzer Prize, The
Jennings, Waylon - You Ask Me To
Jennings, Waylon - You Can Have Her
Jennings, Waylon - Luckenbach, Texas
Jennings, Waylon - Lucille
Jennings, Waylon - Luchenbach, Texas
Jennings, Waylon - Cowboy Movies
Jennings, Waylon - Clyde
Jennings, Waylon - Can't You See
Jennings, Waylon - Bob Wills Is Still the King
Jennings, Waylon - Big River [w/Trick Pony & Johnny Cash]
Jennings, Waylon - Are You Sure Hank Done It This Way
Jennings, Waylon - Are You Ready for the Country
Jennings, Waylon - America
Jennings, Waylon - Amanda
Jennings, Waylon - Don't You Think This Outlaw Bit's..
Jennings, Waylon - Drinkin' and Dreamin'
Jennings, Waylon - I Got You [w/Anita Carter]
Jennings, Waylon - I'm a Ramblin' Man
Jennings, Waylon - I've Always Been Crazy
Jennings, Waylon - Lonesome Orn'ry and Mean
Jennings, Waylon - I Ain't Living Long Like This
Jennings, Waylon - Highwayman [w/Nelson, Cash & Kristofferson]
Jennings, Waylon - Good Ol' Boys (Dukes of Hazzard theme)
Jennings, Waylon - Good Hearted Woman, A [w/Willie Nelson]
Jennings, Waylon - Eagle, The
Jentina - Bad Ass Strippa
Jepsen, Carly Rae - Tonight I'm Getting Over You
Jepsen, Carly Rae - This Kiss
Jepsen, Carly Rae - Good Time [w/Owl City]
Jepsen, Carly Rae - Curiosity
Jepsen, Carly Rae - Call Me Maybe
Jeremih - Birthday Sex
Jeremih - Break Up to Make Up
Jeremih - Imma Star (Everywhere We Are)
Jessie J - Wild [w/Big Sean & Dizzee Rascal]
Jessie J - Who You Are
Jessie J - Up [w/James Morrison]
Jessie J - LaserLight [w/David Guetta]
Jessie J - It's My Party
Jessie J - Domino
Jessie J - Do It Like a Dude
Jessie J - Price Tag [w/BOB]
Jesters, The - On Broadway
Jesus Jones - Real, Real, Real
Jesus Jones - Right Here, Right Now
Jet - Get Me Outta Here
Jet - Are You Gonna Be My Girl
Jet - Sgt. Major
Jet - Rollover DJ
Jet - Cold Hard B-tch
Jet - Look What You've Done
Jet - Put Your Money Where Your Mouth Is
Jethro Tull - Teacher
Jethro Tull - Living in the Past
Jethro Tull - Aqualung
Jethro Tull - Bungle in the Jungle
Jethro Tull - Cross-Eyed Mary
Jethro Tull - Locomotive Breath
Jets, The - Crush on You
Jets, The - You Got It All
Jets, The - Rocket 2 U
Jets, The - Make It Real
Jett, Joan & the Blackhearts - Light of Day
Jett, Joan & the Blackhearts - I Love Rock n' Roll
Jett, Joan & the Blackhearts - I Hate Myself for Loving You
Jett, Joan & the Blackhearts - Fake Friends
Jett, Joan & the Blackhearts - Bad Reputation
Jett, Joan & the Blackhearts - Cherry Bomb
Jett, Joan & the Blackhearts - Crimson & Clover [Tommy James & Shondells version]
Jett, Joan & the Blackhearts - Crimson and Clover
Jett, Joan & the Blackhearts - Dirty Deeds
Jett, Joan & the Blackhearts - Do You Wanna Touch Me (Oh Yeah)
Jewel - Standing Still
Jewel - Sweet Home Alabama
Jewel - That's the Way Love Goes [w/Merle Haggard]
Jewel - This Way
Jewel - What's Simple Is True
Jewel - Who Will Save Your Soul
Jewel - You Were Meant for Me
Jewel - Stand
Jewel - Near You Always
Jewel - Morning Song
Jewel - 2 Become 1
Jewel - Again and Again
Jewel - Angel Standing By
Jewel - Break Me
Jewel - Don't
Jewel - Down So Long
Jewel - Foolish Games
Jewel - Intuition
Jewel - Jupiter
Jewel - Hearts of Stone
Jewel - Hands
Jewel - I'm Sensitive
Jewel, Buddy - Jesus, Elvis and Me
Jewell, Buddy - So Gone
Jewell, Buddy - One Step at a Time
Jewell, Buddy - If She Were Any Other Woman
Jewell, Buddy - Help Pour Out the Rain (Lacey's Song)
Jewell, Buddy - Sweet Southern Comfort
Jezabels - Endless Summer
Jibbs - Go Too Far [w/Melody Thornton]
Jibbs - Chain Hang Low
Jibbs - Dedication (Ay DJ), The [w/Lloyd]
Jigsaw - Sky High
Jilted John - Jilted John
Jim & Jesse - Knoxville Girl
Jimmie's Chicken Shack - Do Right
Jimmy Castor Bunch, The - Bertha Butt Boogie Part 1, The
Jimmy Eat World - Work
Jimmy Eat World - Sweetness
Jimmy Eat World - Praise Chorus, A
Jimmy Eat World - Pain
Jimmy Eat World - Big Casino
Jimmy Eat World - Bleed American
Jimmy Eat World - Futures
Jimmy Eat World - Middle, The
Jive Five, The - My True Story
JJ Fad - Supersonic
JLS - Take a Chance on Me
JLS - She Makes Me Wanna [w/Dev]
JLS - Proud
JLS - One Shot
JLS - Love You More
JLS - Hottest Girl in the World
JLS - Hold Me Down
JLS - Do You Feel What I Feel
JLS - Club Is Alive, The
JLS - Beat Again
JLS - Everybody in Love
JMSN - Love & Pain
Jo, Erika - I Break Things
JoBoxers - Boxer Beat
Jodeci - Stay
Jodeci - Lately
Jodeci - I'm Still Waiting
Jodeci - Get on Up
Jodeci - Forever My Lady
Jodeci - Feelin'
Jodeci - Cry for You
Jodeci - Come & Talk to Me
Joe - My Love
Joe - Stutter [w/Mystikal]
Joe - Thank God I Found You [w/Mariah Carey & 98 Degrees]
Joe - Wanna Get to Know You [w/G-Unit]
Joe - What If a Woman
Joe - Worst Case Scenario
Joe - Majic
Joe - Let's Stay Home Tonight
Joe - If I Was Your Man
Joe - I Wanna Know
Joe - E.R. (Emergency Room)
Joe - Don't Wanna Be a Player
Joe - Dear Joe
Joe - Closer
Joe - All the Things
Joe Jeffrey Group - My Pledge of Love
Joe Zelek Band - Moonshinin'
Joel, Billy - She's Always a Woman to Me
Joel, Billy - Shameless
Joel, Billy - Scenes from an Italian Restaurant
Joel, Billy - Say Goodbye to Hollywood
Joel, Billy - Running on Ice
Joel, Billy - River of Dreams, The
Joel, Billy - Pressure
Joel, Billy - Piano Man
Joel, Billy - Only the Good Die Young
Joel, Billy - New York State of Mind [w/Tony Bennett]
Joel, Billy - New York State of Mind
Joel, Billy - She's Got a Way
Joel, Billy - Sometimes a Fantasy
Joel, Billy - You're Only Human
Joel, Billy - You May Be Right
Joel, Billy - We Didn't Start the Fire
Joel, Billy - Vienna
Joel, Billy - Uptown Girl
Joel, Billy - To Make You Feel My Love
Joel, Billy - This Is the Time
Joel, Billy - Tell Her About It
Joel, Billy - Stranger, The
Joel, Billy - Storm Front
Joel, Billy - Stilletto
Joel, Billy - My Life
Joel, Billy - All About Soul
Joel, Billy - Goodnight Saigon
Joel, Billy - Entertainer, The
Joel, Billy - Downeaster Alexa
Joel, Billy - Don't Ask Me Why
Joel, Billy - Captain Jack
Joel, Billy - Big Shot
Joel, Billy - Ballad of Billy the Kid, The
Joel, Billy - Baby Grand [w/Ray Charles]
Joel, Billy - And So It Goes
Joel, Billy - Always a Woman
Joel, Billy - Allentown
Joel, Billy - Honesty
Joel, Billy - I Go to Extremes
Joel, Billy - Modern Woman
Joel, Billy - Minor Variation, A
Joel, Billy - Miami 2017 (Seen the Lights Go Out on Broadway)
Joel, Billy - Matter of Trust, A
Joel, Billy - Lullabye (Goodnight My Angel)
Joel, Billy - Longest Time, The
Joel, Billy - Leave a Tender Moment Alone
Joel, Billy - Keeping the Faith
Joel, Billy - Just the Way You Are
Joel, Billy - It's Still Rock & Roll to Me
Joel, Billy - Innocent Man, An
Joel, Billy - Movin' Out (Anthony's Song)
Joel, Phil - Man You Want Me to Be, The
Joey & Rory - Play the Song
John Butler Trio - One Way Road
John Butler Trio, The - Better Than
John, Elton - Philadelphia Freedom
John, Elton - Please
John, Elton - Recover Your Soul
John, Elton - Rocket Man
John, Elton - Rocket Man [live TV version w/Ryan Adams]
John, Elton - Runaway Train [w/Eric Clapton]
John, Elton - Sacrifice
John, Elton - Part Time Love
John, Elton - One, The
John, Elton - Nikita
John, Elton - Mona Lisas & Mad Hatters
John, Elton - Mama Can't Buy You Love
John, Elton - Madman Across the Water
John, Elton - Made in England
John, Elton - Lucy in the Sky with Diamonds
John, Elton - Love Lies Bleeding
John, Elton - Little Jeannie
John, Elton - Sad Songs Say So Much
John, Elton - Saturday Night's Alright for Fighting
John, Elton - Simple Life
John, Elton - You Can Make History
John, Elton - Written in the Stars [w/LeAnn Rimes]
John, Elton - Where We Both Say Goodbye [w/Catherine Britt]
John, Elton - Wake Up Wendy [South Park]
John, Elton - True Love [w/Kiki Dee]
John, Elton - Too Young
John, Elton - Tiny Dancer
John, Elton - This Train Don't Stop There Anymore
John, Elton - Take Me to the Pilot
John, Elton - Step Into Christmas
John, Elton - Sorry Seems to Be the Hardest Word [w/Ray Charles]
John, Elton - Sorry Seems to Be the Hardest Word [w/Blue]
John, Elton - Sorry Seems to Be the Hardest Word
John, Elton - Something About the Way You Look Tonight
John, Elton - Someone Saved My Life Tonight
John, Elton - Someday Out of the Blue
John, Elton - Your Song
John, Elton - Levon
John, Elton - Empty Garden (Hey Hey Johnny)
John, Elton - Don't Wanna Go on with You Like That
John, Elton - Don't Let the Sun Go Down on Me
John, Elton - Don't Go Breaking My Heart [w/Kiki Dee]
John, Elton - Daniel
John, Elton - Crocodile Rock
John, Elton - Club at the End of the Street
John, Elton - Circle of Life, The
John, Elton - Candle in the Wind
John, Elton - Can You Feel the Love Tonight
John, Elton - Burn Down the Mission
John, Elton - B-tch Is Back, The
John, Elton - Border Song
John, Elton - Blue Eyes
John, Elton - Blessed
John, Elton - Bennie & the Jets
John, Elton - Believe
John, Elton - Friends
John, Elton - Friends Never Say Goodbye
John, Elton - Last Song, The
John, Elton - Kiss the Bride
John, Elton - Island Girl
John, Elton - I'm Still Standing
John, Elton - I Want Love
John, Elton - I Guess That's Why They Call It the Blues[w/MaryJBlige]
John, Elton - I Guess That's Why They Call It the Blues
John, Elton - I Don't Wanna Go on with You Like That
John, Elton - Honky Cat
John, Elton - Ho! Ho! Ho! Who'd Be a Turkey at Christmas
John, Elton - Friends Never Say Goodbye [w/The Backstreet Boys]
John, Elton - Funeral for a Friend/Love Lies Bleeding
John, Elton - Ghetto Gospel [w/Tupac]
John, Elton - Goodbye to England's Rose
John, Elton - Goodbye Yellow Brick Road
John, Elton - Harmony
John, Elton - Healing Hands
John, Elton - Are You Ready for Love
John, Robert - Sad Eyes
Johnnie & Joe - Over the Mountain, Across the Sea
Johnny Hates Jazz - Turn Back the Clock
Johnny Hates Jazz - Shattered Dreams
Johnny Otis Show, The - Willie and the Hand Jive
Johns, Sammy - Chevy Van
Johns, Sarah - One in the Middle, The
Johnson, Andreas - Games We Play, The
Johnson, Andreas - Glorious
Johnson, Carolyn Dawn - Some Mother's Son
Johnson, Carolyn Dawn - Simple Life
Johnson, Carolyn Dawn - I Don't Want You to Go
Johnson, Carolyn Dawn - Georgia
Johnson, Carolyn Dawn - One Day Closer to You
Johnson, Carolyn Dawn - Complicated
Johnson, Carolyn Dawn - Die of a Broken Heart [w/Keith Urban]
Johnson, General & the Chairmen of the Board - Carolina Girls [w/The Chairmen of the Board]
Johnson, Jack - Horizon Has Been Defeated, The
Johnson, Jack - Taylor
Johnson, Jack - Sitting, Waiting, Wishing
Johnson, Jack - If I Had Eyes
Johnson, Jack - Upside Down
Johnson, Jack - Good People
Johnson, Jack - Free [w/Donavon Frankenreiter]
Johnson, Jack - Flake
Johnson, Jack - Bubbletoes
Johnson, Jack - Better Together
Johnson, Jamey - My Way to You
Johnson, Jamey - Living for a Song
Johnson, Jamey - High Cost of Living
Johnson, Jamey - Dollar, The
Johnson, Jamey - Cold Beer [w/Colt Ford]
Johnson, Jamey - Bad Angel [w/Dierks Bentley & Miranda Lambert]
Johnson, Johnny & the Bandwagon - Breakin' Down the Walls of Heartache
Johnson, Johnny & the Bandwagon - Sweet Inspiration
Johnson, Laurie - Sucu Sucu
Johnson, Lonnie - Tomorrow Night
Johnson, Marv - You Got What It Takes
Johnson, Michael - Bluer than Blue
Johnson, Michael - Give Me Wings
Johnson, Michael - Moon Is Still Over Her Shoulder, The
Johnson, Michael - Second Hand Heart
Johnson, Puff - Over and Over
Johnson, Puff - Forever More
Johnson, Robert - Sweet Home Chicago
Johnson, Syleena - Guess What
JoJo - Baby It's You
JoJo - How to Touch a Girl
JoJo - Leave (Get Out)
JoJo - Too Little Too Late
JoJo - Not That Kinda Girl
Joker & William Cartwright - On My Mind
Jolie & Wanted - Party on the Patio
Jolie & Wanted - I Would
Jolie & Wanted - Boom
Jolson, Al - You Made Me Love You
Jolson, Al - Toot-Toot-Tootsie
Jolson, Al - Swannee
Jolson, Al - Rock-a-Bye Your Baby
Jolson, Al - My Mammy
Jolson, Al - I'm Sitting on Top of the World
Jolson, Al - California Here I Come
Jolson, Al - Beautiful Dreamer
Jolson, Al - April Shower
Jolson, Al - Anniversary Song
Jolson, Al - After You've Gone
Jon B - They Don't Know
Jon B - Someone to Love [w/Babyface]
Jon B - Pretty Girl
Jon B - Don't Talk
Jonas Brothers, The - Who I Am [Nick Jonas solo]
Jonas Brothers, The - When You Look Me in the Eyes
Jonas Brothers, The - Send it on [w/Demi Lovato, Miley Cyrus & Selena Gomez]
Jonas Brothers, The - S.O.S.
Jonas Brothers, The - Paranoid
Jonas Brothers, The - Love Bug
Jonas Brothers, The - Fly with Me
Jonas Brothers, The - Burnin' Up
Jonas, Joe - See No More
Jonas, Nick & the Administration - Who I Am
Jones, Camille vs. Fedde Le Grand - Creeps, The
Jones, Danko - First Date
Jones, Donell - You Should Know
Jones, Donell - You Know That I Love You
Jones, Donell - U Know What's Up
Jones, Donell - Put Me Down
Jones, George - Take Me
Jones, George - Tall, Tall Trees
Jones, George - Tell Me My Lying Eyes Are Wrong
Jones, George - Tender Years
Jones, George - Tennessee Whiskey
Jones, George - Too Country [w//Brad Paisley & Bill Anderson & Buck Owens]
Jones, George - Two Story House [w/Tammy Wynette]
Jones, George - Still Doin' Time
Jones, George - Sinners & Saints
Jones, George - Shine On (Shine All Your Sweet Love On Me)
Jones, George - She's My Rock
Jones, George - She's Mine
Jones, George - She Thinks I Still Care
Jones, George - She Loved a Lot in Her Time
Jones, George - Right Left Hand, The
Jones, George - Race Is On, The
Jones, George - Picture of Me (Without You), A
Jones, George - Visit, The
Jones, George - Walk Through This World with Me
Jones, George - You've Still Got a Place in My Heart
Jones, George - Your Heart Turned Left (And I Was on the Right)
Jones, George - You Comb Her Hair
Jones, George - You Can Have Her [w/Johnny Paycheck]
Jones, George - Wrong's What I Do Best
Jones, George - Writing on the Wall
Jones, George - Wine Colored Roses
Jones, George - Window Up Above, The
Jones, George - Why Baby Why
Jones, George - Who's Gonna Fill Their Shoes
Jones, George - White Lightnin'
Jones, George - When the Green Grass Grows Over Me
Jones, George - What I Didn't Do
Jones, George - We're Not the Jet Set [w/Tammy Wynette]
Jones, George - We're Gonna Hold on [w/Tammy Wynette]
Jones, George - We Must Have Been Out of Our Minds [w/Melba Montgomery]
Jones, George - Walls Can Fall
Jones, George - One I Loved Back Then, The
Jones, George - 50,000 Names
Jones, George - He Stopped Loving Her Today
Jones, George - Grand Tour, The
Jones, George - Good Year for the Roses, A [w/Alan Jackson]
Jones, George - Good Year for the Roses, A
Jones, George - Golden Ring [w/Tammy Wynette]
Jones, George - God's Gonna Get 'Cha (For That) [w/Tammy Wynette]
Jones, George - Girl I Used to Know, A
Jones, George - Finally Friday
Jones, George - Door, The
Jones, George - Did You Ever [w/Tammy Wynette]
Jones, George - Country Boy Can Survive, A (Y2K Version)
Jones, George - Cold Hard Truth, The
Jones, George - Choices
Jones, George - Ceremony, The [w/Tammy Wynette]
Jones, George - Billy B Bad
Jones, George - Beer Run [w/Garth Brooks]
Jones, George - Bartender's Blues
Jones, George - Her Name Is...
Jones, George - High Tech Redneck
Jones, George - Just One More Chance
Jones, George - Love Bug
Jones, George - Loving You Could Never Be Better
Jones, George - Man He Was, The
Jones, George - My Elusive Dreams [w/Tammy Wynette]
Jones, George - Near You [w/Tammy Wynette]
Jones, George - Never Bit a Bullet Like This Before[w/SammyKershw]
Jones, George - Once You've Had the Best
Jones, George - I've Still Got Some Hurtin' Left to Do
Jones, George - I'm Not Ready Yet
Jones, George - Honky Tonk Myself to Death
Jones, George - Honky Tonk Song
Jones, George - I Always Get Lucky with You
Jones, George - I Don't Need Your Rockin' Chair
Jones, George - I Was Country When Country Wasn't Cool [w/Barbara Mandrell]
Jones, George - If God Met You [w/Tammy Wynette]
Jones, George - I'll Share My World with You
Jones, George - I'm a One Woman Man
Jones, Grace - Pull Up to the Bumper [w/Funkstar Deluxe]
Jones, Grace - Pull Up to the Bumper (Part 2)
Jones, Grace - Pull Up to the Bumper (Part 1)
Jones, Howard - What Is Love
Jones, Howard - Things Can Only Get Better
Jones, Howard - No One Is to Blame
Jones, Howard - New Song
Jones, Howard - Little Bit of Snow, A
Jones, Howard - Everlasting Love
Jones, Howard - Life in One Day
Jones, Howard - Lift Me Up
Jones, Howard - Like to Get to Know You Well
Jones, Jack - Wives and Lovers
Jones, Jack - Somewhere My Love
Jones, Jack - Love Boat Theme
Jones, Jack - Impossible Dream, The
Jones, Jack - Day in the Life of a Fool, A
Jones, Jack - Call Me Irresponsible
Jones, Jack - Alfie
Jones, Jack - Lady
Jones, Jason - Unlikely Angel
Jones, Jiggley - Baby Blue
Jones, Jim - We Fly High
Jones, Jim - Na Na Nana Na Na [w/Noe & Brittney Taylor]
Jones, Jim - Dancin on Me [w/Webstar & Juelz Santana]
Jones, Jimmy - Good Timing
Jones, Jimmy - Handy Man
Jones, Jive - Me Myself & I
Jones, Joe - You Talk Too Much
Jones, Kacey - You're the Reason Our Kids Are Ugly [w/Delbert McClinton]
Jones, Kacey - Never Wear Panties to a Party
Jones, Mike - I'm n' Luv (Wit a Stripper) [w/T-Pain]
Jones, Mike - Badd [w/Ying Yang Twins]
Jones, Mike - Back Then
Jones, Norah - Long Day Is Over, The
Jones, Norah - Look of Love, The [w/Diana Krall]
Jones, Norah - Nightingale
Jones, Norah - One Flight Down
Jones, Norah - Peel Me a Grape [w/Diana Krall]
Jones, Norah - Popsicle Toes [w/Diana Krall]
Jones, Norah - Seven Years
Jones, Norah - Shoot the Moon
Jones, Norah - Straighten Up and Fly Right [w/Diana Krall]
Jones, Norah - Sunrise
Jones, Norah - Thinking of You
Jones, Norah - Those Sweet Words
Jones, Norah - Turn Me On
Jones, Norah - What Am I to You
Jones, Norah - You're Getting to Be a Habit with Me[w/DianaKrall]
Jones, Norah - Lonestar
Jones, Norah - Let's Fall in Love [w/Diana Krall]
Jones, Norah - As Long as I Live [w/Diana Krall]
Jones, Norah - Body & Soul [w/Diana Krall]
Jones, Norah - Chasing Pirates
Jones, Norah - Cold Cold Heart
Jones, Norah - Come Away with Me
Jones, Norah - Creepin' in [w/Dolly Parton]
Jones, Norah - Devil May Care [w/Diana Krall]
Jones, Norah - Don't Know Why
Jones, Norah - Feeling the Same Way
Jones, Norah - Alright Ok You Win [w/Diana Krall]
Jones, Norah - Let's Face the Music and Dance [w/Diana Krall]
Jones, Norah - I've Got to See You Again
Jones, Norah - I'm an Errand Girl for Rhythm [w/Diana Krall]
Jones, Norah - Here We Go Again [w/Ray Charles]
Jones, Norah - Grass Is Blue, The [w/Dolly Parton]
Jones, Norah - Frim Fram Sauce [w/Diana Krall]
Jones, Oran 'Juice' - Rain, The
Jones, Quincy - You Put a Move on My Heart
Jones, Quincy - Slow Jams [w/Babyface, Tamia & Portrait]
Jones, Quincy - Just Once [w/James Ingram]
Jones, Quincy - I'm Yours [w/DeBarge & Garrett]
Jones, Quincy - Getta Bloomin' Move On! (Self Preservation Society)
Jones, Rickie Lee - Chuck E's in Love
Jones, Rickie Lee - Danny's All-Star Joint
Jones, Sammy - Chevy Van
Jones, Shae - Bad Boy
Jones, Shirley - Do You Get Enough Love
Jones, Spike - All I Want for Christmas Is My Two Front Teeth
Jones, Spike - Yes We Have No Bananas
Jones, Tom - Say You'll Stay Until Tomorrow
Jones, Tom - Puppet Man
Jones, Tom - Not Responsible
Jones, Tom - Never Tear Us Apart [w/Natalie Imbruglia]
Jones, Tom - My Mother's Eyes
Jones, Tom - Most Beautiful Girl in the World, The
Jones, Tom - Memphis Tennessee
Jones, Tom - Mama Told Me Not to Come [w/Stereophonics]
Jones, Tom - Love Me Tonight
Jones, Tom - Sex Bomb [w/Mousse T]
Jones, Tom - She's a Lady
Jones, Tom - I Who Have Nothing
Jones, Tom - You'll Never Walk Alone
Jones, Tom - You Can Leave Your Hat On
Jones, Tom - Without Love
Jones, Tom - With These Hands
Jones, Tom - What's New Pussycat
Jones, Tom - What the World Needs Now
Jones, Tom - Till
Jones, Tom - Thunderball
Jones, Tom - Kiss
Jones, Tom - It's Not Unusual
Jones, Tom - Funny Familiar Forgotten Feelings
Jones, Tom - Detroit City
Jones, Tom - Delilah
Jones, Tom - Daughter of Darkness
Jones, Tom - Burnin' Down the House [w/The Cardigans]
Jones, Tom - Boy from Nowhere, A
Jones, Tom - At This Moment
Jones, Tom - Are You Gonna Go My Way [w/Robbie Williams]
Jones, Tom - Anniversary Song
Jones, Tom - Green Green Grass of Home
Jones, Tom - Help Yourself
Jones, Tom - Impossible Dream, The
Jones, Tom - I'm Coming Home
Jones, Tom - I'll Never Fall in Love Again
Jones, Tom - If Loving You Is Wrong I Don't Want to Be Right
Jones, Tom - If I Ruled the World
Jones, Tom - If I Only Knew
Jones, Tom - If
Jones, Tom - Baby It's Cold Outside [w/Cerys Matthews]
Jones, Tom - I Believe
Joplin, Janis - Try (Just a Little Bit Harder)
Joplin, Janis - Summer Time
Joplin, Janis - Piece of My Heart
Joplin, Janis - Move Over
Joplin, Janis - Mercedes Benz
Joplin, Janis - Me & Bobby McGee
Joplin, Janis - Kosmic Blues
Joplin, Janis - Down on Me
Joplin, Janis - Cry Baby
Joplin, Janis - Ball and Chain
Joplin, Janis - Get It While You Can
Jordan, Alexis - Good Girl
Jordan, Alexis - Got 2 Luv U [w/Sean Paul]
Jordan, David - Sun Goes Down
Jordan, David - Move On
Jordan, Magid - Hold On, We're Going Home [w/Drake]
Jordan, Montell - Get It on Tonight
Jordan, Montell - Falling
Jordan, Montell - What's on Tonight
Jordan, Montell - This Is How We Do It
Jordan, Sass - High Road Easy
Jordan, Sass - You Don't Have to Remind Me
Jordi - Tu No Sospechas
Jordi - Me Estoy Volviendo Loco
Jorge, Sara - Beautiful World
Jos - No Valio la Pena
Josh Abbott Band - Oh, Tonight [w/Kacey Musgraves]
Josh Abbott Band - I'll Sing About Mine
Josh Joplin Group - Camera One
Journey - Open Arms
Journey - Remember Me
Journey - Send Her My Love
Journey - Separate Ways (Worlds Apart)
Journey - Still They Ride
Journey - Stone in Love
Journey - Suzanne
Journey - Walks Like a Lady
Journey - Wheel in the Sky
Journey - When You Love a Woman
Journey - Who's Crying Now
Journey - With Your Love
Journey - You Better Wait [Steve Perry solo]
Journey - Only the Young
Journey - Message of Love
Journey - After the Fall
Journey - Any Way You Want It
Journey - Anytime
Journey - Be Good to Yourself
Journey - Don't Stop Believin'
Journey - Faithfully
Journey - Feeling That Way
Journey - Foolish Heart [Steve Perry solo]
Journey - Lovin', Touchin', Squeezin'
Journey - Lights
Journey - Just the Same Way
Journey - I'll Be Alright Without You
Journey - If He Should Break Your Heart
Journey - Girl Can't Help It, The
Joy Division - Love Will Tear Us Apart
Juanes - Nada
Juanes - Mala Gente
Juanes - La Paga
Juanes - Fotograf
Juanes - Es por Ti
Juanes - Dios Le Pido, A
Judas Priest - You've Got Another Thing Comin'
Judas Priest - Turbo Lover
Judas Priest - Screaming for Vengeance
Judas Priest - Revolution
Judas Priest - Living After Midnight
Judas Priest - Johnny B. Goode
Judas Priest - Hellion/Electric Eye, The
Judas Priest - Hell Bent for Leather
Judas Priest - Heading Out to the Highway
Judas Priest - Green Manalishi, The (with the Two-Pronged Crown)
Judas Priest - Breaking the Law
Judd, Cledus T. - Let's Shoot Dove (parody of Let's Make Love)
Judd, Cledus T. - Man of Constant Borrow (parody of Soggy Bottom Boys)
Judd, Cledus T. - More Beaver (parody of Me Neither)
Judd, Cledus T. - My Cellmate Thinks I'm Sexy (parody of She Thinks My Tractor's Sexy)
Judd, Cledus T. - Paycheck Woman [parody of Redneck Woman)
Judd, Cledus T. - Plowboy
Judd, Cledus T. - Tree's on Fire (parody of Ring of Fire)
Judd, Cledus T. - It's a Great Day to Be a Guy (parody of Travis Tritt)
Judd, Cledus T. - Indian In-Laws (parody of Indian Outlaw)
Judd, Cledus T. - Breath (parody of Breathe By Faith Hill)
Judd, Cledus T. - Cledus the Karaoke King
Judd, Cledus T. - Did I Shave My Back for This [parody of Deana Carter)
Judd, Cledus T. - Don't Mess with America
Judd, Cledus T. - Goodbye Squirrel (parody of Goodbye Earl)
Judd, Cledus T. - Granpa Got Run Over By a John Deere
Judd, Cledus T. - How Do You Milk a Cow
Judd, Wynonna - Rock Bottom
Judd, Wynonna - Only Love
Judd, Wynonna - No One Else on Earth
Judd, Wynonna - My Strongest Weakness
Judd, Wynonna - My Angel Is Here
Judd, Wynonna - Little Bit of Love, A
Judd, Wynonna - She Is His Only Need
Judd, Wynonna - Somebody to Love You
Judd, Wynonna - Tell Me Why
Judd, Wynonna - Testify to Love
Judd, Wynonna - To Be Loved By You
Judd, Wynonna - What the World Needs Now Is Love
Judd, Wynonna - When Love Starts Talking
Judd, Wynonna - Without Your Love I'm Goin' Nowhere
Judd, Wynonna - Woman to Woman
Judd, Wynonna - Let's Make a Baby King
Judd, Wynonna - It's Never Easy to Say Goodbye
Judd, Wynonna - Is It Over Yet?
Judd, Wynonna - Always Will
Judd, Wynonna - Attitude
Judd, Wynonna - Bad Goodbye, A [w/Clint Black]
Judd, Wynonna - Can't Nobody Love You Like I Do
Judd, Wynonna - Come Some Rainy Day
Judd, Wynonna - Don't Look Back
Judd, Wynonna - Flies on the Butter (You Can't Go Home Again) [w/Naomi Judd]
Judd, Wynonna - Freedom
Judd, Wynonna - Girl Thing [w/Tammy Wynette]
Judd, Wynonna - I Saw the Light
Judd, Wynonna - Heaven Help My Heart
Judd, Wynonna - Heaven Help Me
Judd, Wynonna - Healing
Judd, Wynonna - Going Nowhere
Judd, Wynonna - Girls with Guitars
Judds, The - River of Time
Judds, The - One Man Woman
Judds, The - One Hundred & Two
Judds, The - Maybe Your Baby's Got the Blues
Judds, The - Mama, He's Crazy
Judds, The - Love Is Alive
Judds, The - Rockin' with the Rhythm of the Rain
Judds, The - Stuck in Love
Judds, The - Sweetest Gift, The
Judds, The - Turn It Loose
Judds, The - What Child Is This
Judds, The - When King Jesus Calls His Children Home
Judds, The - Why Not Me
Judds, The - Working in the Coalmine
Judds, The - Young Love
Judds, The - Love Can Build a Bridge
Judds, The - Let Me Tell You About Love
Judds, The - John Deere Tractor
Judds, The - Beautiful Star of Bethlehem
Judds, The - Born to Be Blue
Judds, The - Change of Heart
Judds, The - Cry Myself to Sleep
Judds, The - Don't Be Cruel
Judds, The - Dream Chaser
Judds, The - Flies on the Butter (You Can't Go Home Again)
Judds, The - Girl's Night Out
Judds, The - Give a Little Love
Judds, The - If I Were You
Judds, The - I Know Where I'm Going
Judds, The - Have Mercy
Judds, The - Had a Dream for the Heart
Judds, The - Guardian Angels
Judds, The - Grandpa
Jude - I'm Sorry Now
Judge Dread - Big Seven
Juicy J - Dark Horse [w/Katy Perry]
Jump 5 - Spinning Around
Jump 5 - God Bless the USA
Jump 5 - Forever in My Heart
Jump 5 - Change a Heart, Change the World
Jump 5 - Beauty and the Beast
Jump 5 - All I Can Do
Jump n' Saddle Band - Curly Shuffle, The
Junior - Sexy Lady [w/Young Berg]
Junior - Mama Used to Say (Part 2)
Junior - Mama Used to Say (Part 1)
Junior - Mama Used to Say
Junior Jack & Shena - Dare Me
Junior Senior - Move Your Feet
Junior Senior - Rhythm Bandits
Jurassic 5 - Concrete Schoolyard
Just Jack - Glory Days
Just Jack - Starz in their Eyes
Justice Collective - He Ain't Heavy He's My Brother
Justice, Jimmy - When My Little Girl Is Smiling
Juvenile - Slow Motion [w/Soulja Slim]
Juvenile - In My Life [w/Mannie Fresh]
Juvenile - Got Get It
Juvenile - Back That Azz Up [w/Mannie Fresh & Lil Wayne]
JXL & Elvis Presley - Little Less Conversation, A
Jypsi - Mister Officer
Jyve V - Entre T
